project_id,project_type,region,planned_budget_usd,actual_cost_usd,cost_overrun_pct,planned_duration_days,actual_duration_days,schedule_slippage_pct,team_size,contractor_experience_years,complexity_rating,num_subcontractors,num_permits_required,safety_incidents,num_change_orders,rework_cost_pct,material_cost_variance_pct,labour_overtime_hours,weather_delay_days,client_change_requests,inspection_failures,risk_level,budget_per_team_member,team_density,subcontractor_ratio,permit_complexity,experience_complexity_ratio,budget_duration_ratio,team_complexity_interaction
PRJ-00740,Commercial,East,396378.36,493068.33,24.39,51,60,18.08,8,5.6,4,6,4.0,2,0,6.11,19.09,47.5,4,4,1,Medium,49547.295,0.1568627450980392,0.75,1.0,1.4,7772.124705882353,32
PRJ-00789,Infrastructure,North,285385.96,308342.28,8.04,49,56,14.03,8,18.5,5,4,2.0,3,2,5.96,11.08,14.5,5,5,3,Low,35673.245,0.1632653061224489,0.5,0.4,3.7,5824.203265306123,40
PRJ-00044,Commercial,South,426882.61,456535.62,6.95,80,102,27.69,10,19.0,7,6,0.0,2,5,2.37,0.38,23.9,2,3,0,Medium,42688.261,0.125,0.6,0.0,2.7142857142857144,5336.032625,70
PRJ-00156,Industrial,North,726993.56,753908.06,3.7,98,101,2.57,12,9.8,2,4,2.0,0,3,2.42,-0.19,17.2,6,4,2,Low,60582.79666666667,0.1224489795918367,0.3333333333333333,1.0,4.9,7418.301632653061,24
PRJ-00495,Infrastructure,South,410008.06,450260.41,9.82,81,85,4.41,8,12.7,3,8,3.0,1,3,6.73,7.17,38.1,5,3,0,Low,51251.0075,0.0987654320987654,1.0,1.0,4.233333333333333,5061.827901234567,24
PRJ-00971,Residential,Central,379801.62,422871.4,11.34,49,58,17.8,10,7.5,6,9,6.0,1,3,0.0,2.97,32.0,3,4,0,Low,37980.162,0.2040816326530612,0.9,1.0,1.25,7751.053469387755,60
PRJ-00271,Residential,West,50000.0,61191.09,22.38,78,87,12.12,5,17.2,3,2,0.0,2,1,2.22,4.01,15.0,4,1,1,Medium,10000.0,0.0641025641025641,0.4,0.0,5.733333333333333,641.025641025641,15
PRJ-00591,Renovation,East,237377.56,300970.82,26.79,73,98,33.74,6,3.7,5,6,2.0,1,7,8.98,16.39,96.1,5,3,1,Medium,39562.926666666666,0.0821917808219178,1.0,0.4,0.74,3251.747397260274,30
PRJ-00124,Commercial,East,849471.1,921119.28,8.43,98,117,19.0,14,14.8,6,5,3.0,2,5,5.27,9.91,51.1,3,1,4,Medium,60676.50714285714,0.1428571428571428,0.3571428571428571,0.5,2.466666666666667,8668.072448979592,84
PRJ-00114,Industrial,West,969698.94,1087048.08,12.1,97,126,29.64,15,7.0,2,4,6.0,2,1,4.1,12.12,36.0,7,1,0,Medium,64646.596,0.1546391752577319,0.2666666666666666,3.0,3.5,9996.896288659793,30
PRJ-00931,Commercial,West,356541.56,410953.94,15.26,72,83,15.23,7,11.8,7,6,3.0,1,5,2.79,-2.09,57.9,2,8,0,Low,50934.508571428574,0.0972222222222222,0.8571428571428571,0.4285714285714285,1.6857142857142855,4951.966111111111,49
PRJ-00129,Residential,North,562452.83,623121.81,10.79,57,68,19.84,9,14.5,7,8,2.0,2,4,1.74,1.66,19.3,3,2,2,Low,62494.758888888886,0.1578947368421052,0.8888888888888888,0.2857142857142857,2.071428571428572,9867.59350877193,63
PRJ-00733,Residential,West,441518.31,590404.19,33.72,61,84,38.48,9,16.9,6,7,4.0,3,6,7.68,15.47,57.0,3,3,3,High,49057.59,0.1475409836065573,0.7777777777777778,0.6666666666666666,2.8166666666666664,7238.005081967213,54
PRJ-00479,Industrial,Central,172896.83,193710.63,12.04,70,87,23.66,7,17.9,4,9,2.0,1,2,6.87,18.68,35.2,1,3,0,Medium,24699.54714285714,0.1,1.2857142857142858,0.5,4.475,2469.954714285714,28
PRJ-00148,Commercial,East,772351.1,920270.87,19.15,88,114,29.66,13,11.4,5,8,2.0,4,1,12.43,12.87,37.2,7,2,0,Medium,59411.62307692308,0.1477272727272727,0.6153846153846154,0.4,2.28,8776.717045454545,65
PRJ-01006,Commercial,South,273712.19,318159.89,16.24,67,86,28.75,8,10.3,7,8,3.0,3,1,2.49,6.91,60.6,4,3,0,Medium,34214.02375,0.1194029850746268,1.0,0.4285714285714285,1.4714285714285715,4085.256567164179,56
PRJ-01101,Residential,North,495612.02,596853.4,20.43,57,75,30.75,9,5.9,6,7,5.0,0,3,2.14,6.7,47.0,6,0,1,Medium,55068.00222222223,0.1578947368421052,0.7777777777777778,0.8333333333333334,0.9833333333333334,8694.947719298247,54
PRJ-00175,Residential,West,307665.09,340339.13,10.62,85,98,14.76,9,18.8,3,2,2.0,2,1,0.43,4.51,47.3,4,1,1,Low,34185.01,0.1058823529411764,0.2222222222222222,0.6666666666666666,6.266666666666667,3619.589294117648,27
PRJ-00359,Commercial,South,350358.31,398093.69,13.62,71,84,18.47,10,18.3,7,12,,1,0,0.37,7.15,34.7,6,0,1,Low,35035.831,0.1408450704225352,1.2,,2.6142857142857143,4934.624084507042,70
PRJ-00221,Commercial,Central,537963.42,633799.69,17.81,75,88,17.77,10,13.8,2,5,1.0,2,1,5.97,8.35,31.2,4,3,4,Medium,53796.342,0.1333333333333333,0.5,0.5,6.9,7172.845600000001,20
PRJ-01104,Infrastructure,South,117974.59,135616.27,14.95,74,92,23.99,6,17.3,7,6,4.0,0,3,5.83,8.18,43.0,4,5,3,Medium,19662.431666666667,0.081081081081081,1.0,0.5714285714285714,2.4714285714285715,1594.251216216216,42
PRJ-00590,Residential,East,377479.16,476982.37,26.36,73,92,26.07,9,12.0,4,5,6.0,4,4,3.49,13.77,77.6,3,0,2,Medium,41942.12888888889,0.1232876712328767,0.5555555555555556,1.5,3.0,5170.947397260274,36
PRJ-00295,Infrastructure,Central,146937.95,178826.63,21.7,56,75,34.6,6,,5,4,3.0,3,8,6.05,15.41,73.6,11,2,2,Medium,24489.658333333336,0.1071428571428571,0.6666666666666666,0.6,,2623.8919642857145,30
PRJ-00810,Renovation,South,530306.47,542973.32,2.39,64,72,13.11,11,15.0,3,2,0.0,1,2,0.0,5.46,42.6,2,3,0,Low,48209.679090909085,0.171875,0.1818181818181818,0.0,5.0,8286.03859375,33
PRJ-00298,Infrastructure,East,615263.57,713906.39,16.03,84,94,12.48,12,17.0,5,8,2.0,1,5,4.29,12.03,35.9,11,4,0,Low,51271.964166666665,0.1428571428571428,0.6666666666666666,0.4,3.4,7324.566309523809,60
PRJ-01020,Commercial,South,729650.42,924795.91,26.75,77,105,36.86,12,32.4,7,6,4.0,0,1,9.75,13.73,33.0,1,1,0,Medium,60804.20166666667,0.1558441558441558,0.5,0.5714285714285714,4.628571428571428,9475.979480519482,84
PRJ-00594,Industrial,Central,795229.92,956319.48,20.26,71,95,33.7,13,9.8,3,6,2.0,2,5,6.4,7.12,86.1,5,2,2,Medium,61171.53230769231,0.1830985915492957,0.4615384615384615,0.6666666666666666,3.266666666666667,11200.421408450706,39
PRJ-00788,Commercial,East,424640.28,453357.61,6.76,73,87,19.17,8,15.2,5,8,4.0,2,5,3.6,13.34,77.6,7,0,2,Low,53080.035,0.1095890410958904,1.0,0.8,3.04,5816.990136986302,40
PRJ-00082,Commercial,Central,1673538.9,1984916.9,18.61,90,113,25.14,22,15.0,5,6,3.0,2,2,6.08,12.34,52.5,3,6,1,Medium,76069.95,0.2444444444444444,0.2727272727272727,0.6,3.0,18594.876666666667,110
PRJ-00234,Industrial,East,628852.82,753429.09,19.81,78,110,40.94,9,7.9,5,6,3.0,0,7,10.55,18.94,58.8,5,1,3,Medium,69872.53555555554,0.1153846153846153,0.6666666666666666,0.6,1.58,8062.21564102564,45
PRJ-00986,Renovation,South,209322.1,232856.19,11.24,56,65,16.48,7,8.8,2,6,3.0,1,3,4.61,9.23,54.8,5,5,0,Low,29903.157142857144,0.125,0.8571428571428571,1.5,4.4,3737.894642857143,14
PRJ-00267,Commercial,South,415476.4,456143.31,9.79,79,87,10.32,10,8.9,5,6,4.0,0,1,7.78,7.44,38.9,3,3,2,Low,41547.64,0.1265822784810126,0.6,0.8,1.78,5259.194936708861,50
PRJ-00211,Industrial,Central,408500.1,516666.12,26.48,54,72,33.12,9,11.0,4,3,1.0,2,4,5.45,13.84,59.1,7,2,0,Medium,45388.9,0.1666666666666666,0.3333333333333333,0.25,2.75,7564.816666666667,36
PRJ-00615,Commercial,East,356970.09,387640.38,8.59,70,79,13.1,8,18.4,6,6,2.0,3,2,5.3,2.11,40.6,3,3,3,Low,44621.26125,0.1142857142857142,0.75,0.3333333333333333,3.0666666666666664,5099.572714285715,48
PRJ-01123,Infrastructure,Central,632077.73,775237.6,22.65,84,98,17.11,13,13.0,4,4,3.0,2,2,6.6,12.23,33.4,9,2,0,Medium,48621.36384615384,0.1547619047619047,0.3076923076923077,0.75,3.25,7524.734880952381,52
PRJ-00963,Residential,North,166469.75,222821.57,33.85,63,84,34.12,7,9.0,5,6,5.0,4,4,6.19,5.59,54.0,6,1,3,High,23781.39285714286,0.1111111111111111,0.8571428571428571,1.0,1.8,2642.376984126984,35
PRJ-01193,Infrastructure,Central,1267228.89,1588010.48,25.31,67,86,28.7,22,7.8,9,6,5.0,0,1,8.35,,55.4,13,6,1,Medium,57601.31318181818,0.3283582089552239,0.2727272727272727,0.5555555555555556,0.8666666666666667,18913.864029850745,198
PRJ-00439,Infrastructure,South,83226.38,87271.25,4.86,54,57,5.9,6,24.0,5,4,2.0,2,1,7.06,3.14,23.2,8,1,1,Low,13871.063333333334,0.1111111111111111,0.6666666666666666,0.4,4.8,1541.2292592592594,30
PRJ-00241,Infrastructure,South,407425.75,499286.6,22.55,58,82,42.01,8,11.7,4,8,3.0,1,4,2.59,6.3,46.5,8,2,1,Medium,50928.21875,0.1379310344827586,1.0,0.75,2.925,7024.581896551724,32
PRJ-00351,Industrial,South,172377.41,173517.96,0.66,61,69,13.73,6,12.3,1,6,2.0,2,2,2.3,1.16,32.6,3,1,0,Low,28729.568333333333,0.0983606557377049,1.0,2.0,12.3,2825.859180327869,6
PRJ-00045,Infrastructure,East,658822.31,779518.24,18.32,73,86,18.38,13,9.6,4,8,1.0,0,2,5.18,8.05,29.0,5,1,1,Low,50678.63923076924,0.1780821917808219,0.6153846153846154,0.25,2.4,9024.963150684933,52
PRJ-00845,Residential,West,1575660.78,1997813.15,26.79,96,132,38.0,21,8.6,9,10,8.0,2,8,9.91,9.09,69.8,3,2,5,High,75031.46571428572,0.21875,0.4761904761904761,0.8888888888888888,0.9555555555555556,16413.133125,189
PRJ-01070,Commercial,Central,2321991.06,2883414.97,24.18,96,119,24.19,33,20.7,7,8,4.0,2,4,1.86,14.79,16.1,5,3,1,Medium,70363.36545454546,0.34375,0.2424242424242424,0.5714285714285714,2.957142857142857,24187.406875,231
PRJ-00343,Infrastructure,East,1774702.87,1924012.26,8.41,112,130,15.87,16,9.9,2,4,6.0,5,0,7.54,14.31,54.2,3,2,3,Medium,110918.929375,0.1428571428571428,0.25,3.0,4.95,15845.561339285716,32
PRJ-00644,Residential,East,296125.18,362034.83,22.26,62,68,9.34,8,12.0,7,10,3.0,2,2,5.79,14.77,35.7,5,3,1,Medium,37015.6475,0.1290322580645161,1.25,0.4285714285714285,1.7142857142857142,4776.212580645161,56
PRJ-00677,Renovation,North,485155.69,562940.19,16.03,61,79,29.09,9,6.3,3,4,3.0,8,7,7.48,17.0,79.0,4,1,1,Medium,53906.18777777778,0.1475409836065573,0.4444444444444444,1.0,2.1,7953.371967213115,27
PRJ-00210,Commercial,Central,548284.47,676960.24,23.47,58,74,26.8,11,4.4,7,10,3.0,6,2,14.09,16.08,45.0,5,2,0,High,49844.042727272725,0.1896551724137931,0.9090909090909092,0.4285714285714285,0.6285714285714287,9453.18051724138,77
PRJ-00480,Commercial,Central,427116.02,472427.39,10.61,79,88,10.91,8,12.3,4,7,4.0,0,4,1.76,10.87,23.5,3,3,1,Low,53389.5025,0.1012658227848101,0.875,1.0,3.075,5406.531898734177,32
PRJ-00077,Commercial,East,642520.92,737029.68,14.71,62,81,30.31,13,20.3,5,8,5.0,1,2,4.05,-1.37,16.6,1,4,3,Medium,49424.68615384616,0.2096774193548387,0.6153846153846154,1.0,4.0600000000000005,10363.240645161291,65
PRJ-00865,Residential,East,239238.77,286111.27,19.59,56,63,12.95,7,7.9,7,6,0.0,1,4,3.02,4.51,48.8,6,2,0,Medium,34176.96714285714,0.125,0.8571428571428571,0.0,1.1285714285714286,4272.120892857142,49
PRJ-00533,Commercial,North,106691.27,118591.34,11.15,79,91,15.03,6,19.0,4,8,3.0,0,3,1.66,4.0,42.5,6,3,0,Low,17781.878333333334,0.0759493670886076,1.3333333333333333,0.75,4.75,1350.5224050632912,24
PRJ-00875,Infrastructure,South,182113.23,210425.19,15.55,52,63,21.32,7,19.0,5,6,3.0,1,3,3.08,9.04,51.2,11,0,1,Medium,26016.17571428572,0.1346153846153846,0.8571428571428571,0.6,3.8,3502.1775,35
PRJ-00543,Infrastructure,West,335874.5,398675.87,18.7,67,85,26.44,9,10.7,4,7,3.0,0,1,10.27,13.41,44.7,4,2,1,Medium,37319.38888888889,0.1343283582089552,0.7777777777777778,0.75,2.675,5013.05223880597,36
PRJ-00108,Residential,West,574294.11,675748.65,17.67,56,74,31.82,9,13.5,6,7,2.0,1,4,2.7,3.38,28.0,1,1,1,Medium,63810.456666666665,0.1607142857142857,0.7777777777777778,0.3333333333333333,2.25,10255.251964285711,54
PRJ-00786,Commercial,Central,331543.29,378473.62,14.16,71,80,13.24,8,9.4,2,8,2.0,2,3,0.0,-6.05,0.0,4,2,1,Low,41442.91125,0.1126760563380281,1.0,1.0,4.7,4669.623802816901,16
PRJ-00324,Industrial,South,638283.3,749866.61,17.48,88,115,31.12,13,15.3,6,7,5.0,1,3,7.51,10.75,74.2,7,2,0,Medium,49098.71538461539,0.1477272727272727,0.5384615384615384,0.8333333333333334,2.5500000000000003,7253.219318181818,78
PRJ-00425,Industrial,West,546335.21,661054.19,21.0,87,114,31.21,10,8.3,3,6,6.0,1,5,6.32,9.63,66.1,4,2,1,Medium,54633.52099999999,0.1149425287356321,0.6,2.0,2.766666666666667,6279.715057471264,30
PRJ-00079,Industrial,North,478861.46,522745.37,9.16,83,86,3.16,9,24.5,4,6,3.0,1,0,0.0,-0.39,45.8,1,1,1,Low,53206.82888888889,0.108433734939759,0.6666666666666666,0.75,6.125,5769.415180722892,36
PRJ-01056,Industrial,Central,303016.49,376726.96,24.33,62,78,26.4,9,6.6,5,10,5.0,2,1,7.13,14.0,32.6,5,3,0,Medium,33668.49888888889,0.1451612903225806,1.1111111111111112,1.0,1.3199999999999998,4887.362741935483,45
PRJ-00297,Renovation,North,5790299.53,7033186.57,21.46,191,243,27.06,59,13.3,4,7,1.0,1,3,11.45,22.84,56.2,3,2,0,Medium,98140.67,0.3089005235602094,0.1186440677966101,0.25,3.325,30315.70434554974,236
PRJ-00171,Commercial,Central,177105.01,219004.49,23.66,60,69,15.37,7,13.8,4,3,1.0,1,2,5.78,10.09,76.6,4,1,1,Medium,25300.71571428572,0.1166666666666666,0.4285714285714285,0.25,3.45,2951.7501666666667,28
PRJ-00050,Residential,North,679648.9,715096.55,5.22,93,110,18.32,10,13.7,1,6,2.0,0,0,0.0,-1.82,36.7,6,3,1,Low,67964.89,0.1075268817204301,0.6,2.0,13.7,7308.052688172043,10
PRJ-00911,Infrastructure,East,346542.64,418470.86,20.76,59,66,11.8,8,12.1,5,6,2.0,1,2,6.65,6.8,14.4,11,1,2,Medium,43317.83,0.135593220338983,0.75,0.4,2.42,5873.60406779661,40
PRJ-00536,Residential,South,1305936.19,1689121.49,29.34,103,146,41.81,18,9.1,4,4,3.0,3,6,12.54,16.23,40.6,7,3,0,High,72552.01055555555,0.174757281553398,0.2222222222222222,0.75,2.275,12678.99213592233,72
PRJ-00597,Infrastructure,South,528501.36,664457.62,25.72,63,82,29.4,9,10.6,6,4,4.0,3,4,8.63,17.57,83.8,9,4,4,Medium,58722.37333333333,0.1428571428571428,0.4444444444444444,0.6666666666666666,1.7666666666666666,8388.910476190476,54
PRJ-00576,Commercial,East,559432.94,678004.95,21.2,64,72,12.32,10,11.2,4,4,4.0,0,4,4.43,2.61,37.8,3,2,0,Medium,55943.294,0.15625,0.4,1.0,2.8,8741.1396875,40
PRJ-00736,Industrial,North,881482.04,952290.88,8.03,105,134,27.44,11,25.6,8,7,9.0,0,3,6.7,0.72,27.7,3,3,5,Low,80134.73090909091,0.1047619047619047,0.6363636363636364,1.125,3.2,8395.067047619048,88
PRJ-00926,Residential,West,1083894.71,1248178.09,15.16,82,99,21.27,17,17.1,5,10,5.0,1,6,6.81,2.98,75.2,8,1,1,Medium,63758.51235294117,0.2073170731707317,0.5882352941176471,1.0,3.4200000000000004,13218.228170731709,85
PRJ-00708,Infrastructure,South,235042.24,218123.82,-7.2,69,71,2.33,8,19.4,4,6,5.0,0,4,0.0,4.83,7.2,10,1,1,Low,29380.28,0.1159420289855072,0.75,1.25,4.85,3406.4092753623186,32
PRJ-00311,Commercial,North,429723.21,426453.62,-0.76,64,71,11.19,8,11.3,4,8,1.0,0,4,2.59,15.15,48.3,3,2,1,Low,53715.40125,0.125,1.0,0.25,2.825,6714.42515625,32
PRJ-00616,Infrastructure,East,398993.28,509564.02,27.71,60,79,30.98,10,12.2,4,5,4.0,1,6,7.12,8.69,71.9,10,3,1,Medium,39899.328,0.1666666666666666,0.5,1.0,3.05,6649.888000000001,40
PRJ-00071,Residential,Central,1799347.44,2244644.08,24.75,75,101,34.53,22,8.0,6,5,5.0,2,8,9.98,11.58,64.3,4,4,3,Medium,81788.52,0.2933333333333333,0.2272727272727272,0.8333333333333334,1.3333333333333333,23991.2992,132
PRJ-00757,Commercial,West,912909.94,1087587.54,19.13,98,126,29.07,12,16.1,9,8,2.0,1,6,5.12,20.15,50.2,6,2,2,Medium,76075.82833333332,0.1224489795918367,0.6666666666666666,0.2222222222222222,1.788888888888889,9315.407551020407,108
PRJ-00024,Renovation,Central,916461.43,1186489.22,29.46,103,134,29.69,12,7.6,8,9,4.0,4,7,9.83,21.6,97.3,1,0,0,High,76371.78583333334,0.116504854368932,0.75,0.5,0.95,8897.683786407768,96
PRJ-00110,Renovation,North,366542.95,418198.12,14.09,78,96,22.81,10,8.8,5,12,5.0,4,3,4.43,17.56,53.7,6,3,0,Medium,36654.295,0.1282051282051282,1.2,1.0,1.7600000000000002,4699.2685897435895,50
PRJ-01005,Industrial,South,103232.25,123574.62,19.71,78,95,22.31,6,7.9,4,6,2.0,1,1,5.43,2.92,35.6,1,7,0,Medium,17205.375,0.0769230769230769,1.0,0.5,1.975,1323.4903846153843,24
PRJ-00059,Residential,East,291876.38,350366.07,20.04,78,94,20.95,7,8.2,5,6,3.0,3,6,7.84,5.14,60.9,5,4,4,Medium,41696.625714285714,0.0897435897435897,0.8571428571428571,0.6,1.64,3742.004871794872,35
PRJ-00440,Industrial,Central,376142.63,435978.35,15.91,79,95,20.64,9,7.2,2,5,0.0,0,1,0.45,12.92,41.0,6,2,0,Low,41793.625555555554,0.1139240506329113,0.5555555555555556,0.0,3.6,4761.29911392405,18
PRJ-00924,Industrial,West,1341873.55,1705325.41,27.09,113,149,32.17,23,13.6,5,6,5.0,3,3,10.77,13.49,53.3,4,3,3,Medium,58342.328260869566,0.2035398230088495,0.2608695652173913,1.0,2.72,11874.987168141592,115
PRJ-00328,Industrial,North,1110328.53,1459695.4,31.47,63,96,52.92,12,3.5,8,12,6.0,5,2,11.74,9.67,73.7,5,5,3,High,92527.3775,0.1904761904761904,1.0,0.75,0.4375,17624.262380952383,96
PRJ-00428,Infrastructure,Central,92369.06,127888.41,38.45,44,58,32.12,6,5.5,6,5,5.0,1,4,7.53,13.04,88.6,7,4,2,Medium,15394.843333333332,0.1363636363636363,0.8333333333333334,0.8333333333333334,0.9166666666666666,2099.2968181818183,36
PRJ-01019,Residential,North,4738668.18,5574753.14,17.64,218,272,24.59,43,19.0,4,7,4.0,2,4,9.11,3.53,54.3,3,2,0,Medium,110201.58558139534,0.1972477064220183,0.1627906976744186,1.0,4.75,21737.01,172
PRJ-00662,Renovation,South,770358.95,760921.85,-1.23,71,94,32.49,10,,3,4,4.0,3,3,3.79,3.61,55.9,5,2,0,Low,77035.89499999999,0.1408450704225352,0.4,1.3333333333333333,,10850.126056338027,30
PRJ-01146,Commercial,West,1109145.06,1351237.7,21.83,111,139,24.95,13,3.6,2,7,1.0,3,2,5.77,9.14,40.7,2,2,0,Medium,85318.85076923078,0.1171171171171171,0.5384615384615384,0.5,1.8,9992.297837837838,26
PRJ-00383,Infrastructure,West,1373954.13,1666081.36,21.26,79,95,19.74,16,11.5,3,10,0.0,0,4,4.68,4.94,49.0,7,5,1,Medium,85872.133125,0.2025316455696202,0.625,0.0,3.8333333333333335,17391.824430379744,48
PRJ-00102,Industrial,North,630355.47,810381.17,28.56,77,100,29.23,9,15.7,7,6,2.0,1,0,7.81,7.13,46.5,4,1,1,Medium,70039.49666666666,0.1168831168831168,0.6666666666666666,0.2857142857142857,2.242857142857143,8186.434675324675,63
PRJ-00334,Infrastructure,South,527336.2,646816.62,22.66,80,111,38.2,8,26.0,7,8,3.0,3,3,5.76,7.83,50.3,13,8,0,Medium,65917.025,0.1,1.0,0.4285714285714285,3.7142857142857135,6591.702499999999,56
PRJ-00904,Commercial,South,178531.8,194297.37,8.83,50,57,13.8,7,13.3,5,6,2.0,0,3,8.31,0.86,15.1,3,6,2,Low,25504.542857142857,0.14,0.8571428571428571,0.4,2.66,3570.636,35
PRJ-00436,Residential,East,180010.34,223193.34,23.99,62,81,30.12,7,10.6,7,8,4.0,1,1,6.79,11.91,66.0,6,3,3,Medium,25715.762857142858,0.1129032258064516,1.1428571428571428,0.5714285714285714,1.5142857142857142,2903.392580645161,49
PRJ-00600,Industrial,West,506395.38,649442.34,28.25,79,104,32.18,10,5.8,4,5,1.0,1,2,3.95,7.95,50.0,5,4,1,Medium,50639.538,0.1265822784810126,0.5,0.25,1.45,6410.068101265822,40
PRJ-00052,Residential,Central,458503.94,531709.6,15.97,64,78,22.19,9,3.7,1,6,1.0,2,3,6.99,13.69,57.1,3,3,1,Medium,50944.88222222222,0.140625,0.6666666666666666,1.0,3.7,7164.1240625,9
PRJ-00366,Commercial,East,213584.24,251026.94,17.53,51,62,22.26,7,21.5,8,9,5.0,2,3,5.91,11.05,66.2,4,1,2,Medium,30512.03428571429,0.1372549019607843,1.2857142857142858,0.625,2.6875,4187.926274509804,56
PRJ-00287,Residential,South,222549.45,274723.9,23.44,82,115,39.8,7,9.4,6,11,3.0,3,4,3.96,14.52,62.6,6,1,2,Medium,31792.77857142857,0.0853658536585365,1.5714285714285714,0.5,1.5666666666666669,2714.0176829268294,42
PRJ-00199,Residential,Central,175944.52,198548.42,12.85,72,102,41.4,6,9.5,4,7,3.0,0,7,8.8,17.71,71.4,6,3,5,Medium,29324.086666666662,0.0833333333333333,1.1666666666666667,0.75,2.375,2443.6738888888885,24
PRJ-00668,Renovation,West,484485.66,575599.3,18.81,54,61,12.2,10,13.1,3,2,2.0,2,1,5.13,3.35,36.6,3,2,1,Medium,48448.566,0.1851851851851851,0.2,0.6666666666666666,4.366666666666666,8971.956666666667,30
PRJ-00515,Commercial,East,165809.94,176790.34,6.62,56,73,30.6,7,11.6,5,6,4.0,1,5,2.71,11.69,25.2,3,7,3,Medium,23687.134285714284,0.125,0.8571428571428571,0.8,2.32,2960.8917857142856,35
PRJ-00245,Industrial,East,242974.08,308423.6,26.94,52,71,35.99,7,10.7,6,6,6.0,2,5,7.25,14.46,34.0,2,1,0,Medium,34710.58285714286,0.1346153846153846,0.8571428571428571,1.0,1.7833333333333332,4672.578461538461,42
PRJ-00468,Renovation,North,164441.06,193832.12,17.87,78,104,32.7,7,11.1,4,6,4.0,1,1,7.96,14.67,74.0,0,2,1,Medium,23491.58,0.0897435897435897,0.8571428571428571,1.0,2.775,2108.2187179487178,28
PRJ-00494,Commercial,Central,174046.23,209426.81,20.33,66,91,38.63,7,15.0,9,8,6.0,2,7,10.42,22.69,70.3,3,4,2,Medium,24863.747142857144,0.106060606060606,1.1428571428571428,0.6666666666666666,1.6666666666666667,2637.064090909091,63
PRJ-00055,Infrastructure,Central,74873.07,85455.06,14.13,53,54,2.57,6,12.4,6,6,4.0,3,1,1.98,5.17,38.4,16,4,1,Low,12478.845,0.1132075471698113,1.0,0.6666666666666666,2.066666666666667,1412.6994339622645,36
PRJ-01168,Industrial,North,240717.17,281213.17,16.82,68,86,26.89,8,3.9,8,9,5.0,1,1,5.82,3.92,53.9,7,1,1,Medium,30089.64625,0.1176470588235294,1.125,0.625,0.4875,3539.958382352941,64
PRJ-00769,Residential,Central,817620.24,918044.66,12.28,63,83,32.25,12,17.2,5,6,4.0,2,1,6.97,5.58,43.8,9,2,2,Medium,68135.02,0.1904761904761904,0.5,0.8,3.44,12978.099047619047,60
PRJ-00310,Residential,Central,1053992.21,1338008.57,26.95,78,119,52.29,16,14.3,7,10,3.0,3,5,7.31,22.95,54.3,2,0,2,High,65874.513125,0.2051282051282051,0.625,0.4285714285714285,2.042857142857143,13512.72064102564,112
PRJ-00057,Commercial,Central,439588.72,527442.75,19.99,54,67,24.93,9,5.9,3,8,1.0,0,0,7.79,13.59,53.1,3,4,0,Medium,48843.19111111111,0.1666666666666666,0.8888888888888888,0.3333333333333333,1.9666666666666668,8140.531851851852,27
PRJ-00087,Infrastructure,South,114962.83,145615.11,26.66,54,73,35.26,6,13.3,6,6,5.0,0,4,3.94,6.95,57.7,7,0,0,Medium,19160.471666666668,0.1111111111111111,1.0,0.8333333333333334,2.216666666666667,2128.9412962962965,36
PRJ-00722,Commercial,Central,878467.61,1083359.51,23.32,69,100,44.83,14,7.9,6,8,7.0,2,3,7.67,10.51,73.6,4,4,2,Medium,62747.68642857143,0.2028985507246377,0.5714285714285714,1.1666666666666667,1.3166666666666669,12731.41463768116,84
PRJ-00307,Commercial,West,622636.91,788152.81,26.58,65,92,41.16,10,15.7,5,6,1.0,0,2,7.5,14.64,68.4,2,2,1,Medium,62263.691000000006,0.1538461538461538,0.6,0.2,3.14,9579.029384615384,50
PRJ-00737,Residential,East,222839.63,268567.02,20.52,59,77,30.64,7,24.6,7,6,3.0,1,3,0.0,22.18,29.5,1,1,1,Medium,31834.23285714286,0.1186440677966101,0.8571428571428571,0.4285714285714285,3.5142857142857147,3776.942881355932,49
PRJ-01178,Commercial,Central,224201.96,270901.61,20.83,50,71,41.62,7,20.9,8,14,6.0,0,5,6.08,9.8,45.3,1,1,2,Medium,32028.851428571423,0.14,2.0,0.75,2.6125,4484.0392,56
PRJ-00713,Infrastructure,North,448882.52,513256.62,14.34,80,106,33.07,10,22.2,6,6,4.0,3,5,9.33,10.98,32.9,15,2,1,Medium,44888.252,0.125,0.6,0.6666666666666666,3.7,5611.0315,60
PRJ-00583,Residential,Central,945570.0,1077282.44,13.93,70,89,26.81,15,9.0,4,5,3.0,2,1,4.68,2.84,59.5,5,4,1,Medium,63038.0,0.2142857142857142,0.3333333333333333,0.75,2.25,13508.142857142857,60
PRJ-01023,Renovation,West,178120.93,215222.37,20.83,55,76,37.38,6,6.1,7,6,7.0,6,6,8.75,14.47,71.4,3,3,6,High,29686.821666666667,0.109090909090909,1.0,1.0,0.8714285714285713,3238.5623636363634,42
PRJ-00936,Residential,South,417906.13,519019.36,24.2,62,78,25.36,11,13.1,5,4,2.0,0,1,2.56,3.88,54.7,6,1,1,Medium,37991.46636363636,0.1774193548387097,0.3636363636363636,0.4,2.62,6740.421451612903,55
PRJ-01037,Commercial,South,277987.7,356902.73,28.39,75,91,21.74,8,11.5,3,10,4.0,3,3,6.72,15.14,29.1,4,2,3,Medium,34748.4625,0.1066666666666666,1.25,1.3333333333333333,3.8333333333333335,3706.5026666666654,24
PRJ-00539,Residential,Central,1019648.13,1007436.41,-1.2,68,84,22.86,15,28.2,5,2,3.0,1,1,5.64,0.56,34.8,6,4,0,Low,67976.542,0.2205882352941176,0.1333333333333333,0.6,5.64,14994.82544117647,75
PRJ-00559,Industrial,East,615198.12,753924.23,22.55,85,116,36.18,12,17.0,5,4,7.0,0,6,3.26,5.25,43.6,6,3,0,Medium,51266.51,0.1411764705882353,0.3333333333333333,1.4,3.4,7237.62494117647,60
PRJ-00651,Commercial,Central,321538.06,395166.84,22.9,83,115,38.08,8,9.7,4,6,2.0,4,3,9.69,4.52,45.0,2,2,2,Medium,40192.2575,0.0963855421686747,0.75,0.5,2.425,3873.9525301204817,32
PRJ-00299,Infrastructure,North,747730.07,858263.28,14.78,92,115,24.57,15,16.5,4,6,3.0,0,3,0.0,4.35,30.7,9,2,2,Low,49848.67133333333,0.1630434782608695,0.4,0.75,4.125,8127.500760869565,60
PRJ-00635,Residential,North,835155.13,915319.87,9.6,59,73,24.24,12,20.0,5,8,3.0,2,4,0.68,9.52,21.1,2,2,0,Medium,69596.26083333333,0.2033898305084746,0.6666666666666666,0.6,4.0,14155.171694915254,60
PRJ-00416,Residential,North,337834.78,327560.19,-3.04,58,63,9.24,8,20.2,1,4,5.0,0,2,0.49,-6.65,16.8,3,3,0,Low,42229.3475,0.1379310344827586,0.5,5.0,20.2,5824.737586206897,8
PRJ-00411,Industrial,East,95006.11,112318.52,18.22,65,80,22.81,6,8.5,8,7,5.0,1,3,8.88,18.12,91.5,5,2,3,Medium,15834.351666666667,0.0923076923076923,1.1666666666666667,0.625,1.0625,1461.6324615384617,48
PRJ-00732,Residential,East,1528752.52,1840214.47,20.37,83,109,31.65,25,24.3,5,6,3.0,2,5,9.69,11.32,76.4,7,3,3,Medium,61150.1008,0.3012048192771084,0.24,0.6,4.86,18418.705060240965,125
PRJ-00567,Infrastructure,South,447103.23,467779.41,4.62,63,72,14.77,8,17.5,6,10,6.0,3,3,4.86,7.13,46.6,9,0,1,Low,55887.90375,0.1269841269841269,1.25,1.0,2.9166666666666665,7096.876666666666,48
PRJ-00412,Industrial,South,227626.42,231847.15,1.85,59,68,14.55,7,26.9,5,6,4.0,2,2,0.0,,13.7,7,5,1,Low,32518.06,0.1186440677966101,0.8571428571428571,0.8,5.38,3858.0749152542376,35
PRJ-00912,Infrastructure,East,434559.65,530042.04,21.97,64,89,39.65,8,10.4,7,6,1.0,2,2,7.24,6.12,55.5,11,2,2,Medium,54319.95625,0.125,0.75,0.1428571428571428,1.4857142857142858,6789.99453125,56
PRJ-01166,Infrastructure,South,140694.03,160022.75,13.74,47,51,9.4,6,13.0,4,8,1.0,0,0,6.4,2.24,23.7,10,2,0,Low,23449.005,0.1276595744680851,1.3333333333333333,0.25,3.25,2993.49,24
PRJ-00372,Residential,North,646973.18,732529.11,13.22,56,61,9.27,11,16.1,6,11,7.0,0,4,9.54,9.89,48.5,2,4,0,Low,58815.74363636365,0.1964285714285714,1.0,1.1666666666666667,2.6833333333333336,11553.0925,66
PRJ-00817,Renovation,North,521582.77,622613.0,19.37,79,100,26.86,9,10.8,4,6,4.0,3,4,4.55,20.48,55.2,6,1,3,Medium,57953.64111111112,0.1139240506329113,0.6666666666666666,1.0,2.7,6602.313544303798,36
PRJ-00694,Commercial,South,273326.29,349428.32,27.84,84,118,40.27,9,4.8,5,8,5.0,0,4,4.19,8.2,89.6,5,2,0,Medium,30369.58777777777,0.1071428571428571,0.8888888888888888,1.0,0.96,3253.8844047619045,45
PRJ-00599,Renovation,East,61833.6,69398.79,12.23,74,82,11.46,6,17.9,8,11,5.0,0,2,0.0,11.76,28.8,3,4,0,Low,10305.6,0.081081081081081,1.8333333333333333,0.625,2.2375,835.5891891891891,48
PRJ-00921,Residential,North,699270.96,752045.0,7.55,94,109,15.8,14,8.7,4,5,3.0,0,1,0.82,7.74,44.9,5,2,0,Low,49947.92571428571,0.1489361702127659,0.3571428571428571,0.75,2.175,7439.052765957446,56
PRJ-00756,Residential,Central,537446.34,591098.9,9.98,55,65,18.88,12,18.5,2,6,9.0,0,2,3.78,3.49,43.9,3,1,1,Low,44787.195,0.2181818181818181,0.5,4.5,9.25,9771.751636363637,24
PRJ-00345,Infrastructure,North,94557.43,109728.81,16.04,60,62,2.95,6,10.1,2,4,2.0,0,2,2.54,1.42,25.4,9,3,0,Low,15759.571666666665,0.1,0.6666666666666666,1.0,5.05,1575.9571666666666,12
PRJ-00248,Commercial,West,124952.33,126767.94,1.45,68,81,19.29,6,18.8,5,4,3.0,0,1,1.26,1.49,17.0,2,3,1,Low,20825.38833333333,0.088235294117647,0.6666666666666666,0.6,3.76,1837.5342647058824,30
PRJ-00362,Residential,East,536911.37,689712.7,28.46,75,102,36.4,10,5.0,4,3,2.0,3,1,7.91,12.43,86.3,2,3,1,Medium,53691.137,0.1333333333333333,0.3,0.5,1.25,7158.818266666666,40
PRJ-01129,Industrial,North,581356.95,636907.77,9.56,73,96,31.91,12,13.9,6,8,6.0,1,4,5.1,16.94,28.8,2,7,2,Medium,48446.4125,0.1643835616438356,0.6666666666666666,1.0,2.316666666666667,7963.793835616438,72
PRJ-00809,Commercial,East,189589.44,211038.73,11.31,63,79,25.94,7,11.3,5,4,2.0,2,2,2.37,14.93,54.1,6,3,1,Medium,27084.20571428572,0.1111111111111111,0.5714285714285714,0.4,2.26,3009.3561904761905,35
PRJ-00452,Renovation,South,766630.66,967250.17,26.17,94,123,30.36,10,7.2,2,4,7.0,1,4,6.55,10.4,59.4,3,0,0,Medium,76663.066,0.1063829787234042,0.4,3.5,3.6,8155.645319148936,20
PRJ-00276,Commercial,East,800935.58,840260.62,4.91,100,93,-7.17,10,17.5,3,8,4.0,1,4,2.58,-2.19,0.0,0,5,2,Low,80093.55799999999,0.1,0.8,1.3333333333333333,5.833333333333333,8009.355799999999,30
PRJ-00715,Infrastructure,South,299566.17,340677.31,13.72,65,72,10.96,7,13.9,2,6,3.0,0,3,0.0,-2.48,28.7,8,3,0,Low,42795.16714285714,0.1076923076923077,0.8571428571428571,1.5,6.95,4608.710307692308,14
PRJ-01181,Infrastructure,Central,1590349.37,1859742.42,16.94,113,141,24.35,24,10.6,6,7,8.0,0,1,4.76,16.76,63.8,5,6,1,Low,66264.55708333333,0.2123893805309734,0.2916666666666667,1.3333333333333333,1.7666666666666666,14073.888230088496,144
PRJ-00193,Residential,East,2678765.98,3376681.6,26.05,88,107,21.15,21,8.2,2,3,4.0,3,4,5.49,4.25,43.4,2,4,1,Medium,127560.28476190475,0.2386363636363636,0.1428571428571428,2.0,4.1,30440.5225,42
PRJ-00169,Commercial,South,151273.42,187310.32,23.82,71,95,34.12,7,3.1,3,4,2.0,3,4,11.43,13.39,54.2,4,3,0,Medium,21610.488571428574,0.0985915492957746,0.5714285714285714,0.6666666666666666,1.0333333333333334,2130.6115492957747,21
PRJ-00197,Industrial,East,245593.54,283008.95,15.23,78,87,11.31,7,14.8,6,8,1.0,1,5,0.0,7.41,37.1,4,4,2,Low,35084.79142857143,0.0897435897435897,1.1428571428571428,0.1666666666666666,2.466666666666667,3148.635128205128,42
PRJ-00266,Residential,East,497294.09,631534.13,26.99,66,88,33.05,10,,6,6,1.0,1,1,9.37,12.85,32.5,5,3,0,Medium,49729.409,0.1515151515151515,0.6,0.1666666666666666,,7534.75893939394,60
PRJ-01046,Commercial,West,971746.17,1249668.2,28.6,78,107,37.21,18,8.7,4,5,2.0,2,2,6.22,14.74,56.4,4,6,1,Medium,53985.89833333334,0.2307692307692307,0.2777777777777778,0.5,2.175,12458.284230769232,72
PRJ-00739,Commercial,East,3235120.68,4135361.5,27.83,117,182,55.63,31,11.2,5,2,1.0,0,5,7.6,16.4,59.6,5,2,3,High,104358.73161290324,0.2649572649572649,0.064516129032258,0.2,2.24,27650.604102564103,155
PRJ-00941,Residential,East,504370.95,631507.88,25.21,54,70,29.35,11,8.4,7,4,1.0,3,2,9.08,8.87,52.0,4,4,2,Medium,45851.90454545455,0.2037037037037037,0.3636363636363636,0.1428571428571428,1.2,9340.202777777778,77
PRJ-00584,Commercial,Central,1675321.98,1875847.95,11.97,82,103,25.07,21,20.2,3,6,1.0,1,0,5.49,10.4,48.4,4,0,1,Low,79777.23714285714,0.2560975609756097,0.2857142857142857,0.3333333333333333,6.733333333333333,20430.75585365853,63
PRJ-00887,Commercial,North,186996.83,231728.74,23.92,64,78,21.46,7,13.7,8,11,8.0,1,3,6.65,9.71,52.0,2,2,3,Medium,26713.832857142854,0.109375,1.5714285714285714,1.0,1.7125,2921.82546875,56
PRJ-00629,Industrial,South,254568.11,280234.4,10.08,54,63,16.75,7,9.6,5,8,1.0,5,1,4.44,3.2,52.7,4,3,0,Medium,36366.87285714286,0.1296296296296296,1.1428571428571428,0.2,1.92,4714.224259259259,35
PRJ-00716,Residential,East,594200.35,712063.77,19.84,61,70,14.99,13,,7,6,2.0,0,0,1.77,16.88,28.4,7,2,0,Low,45707.71923076923,0.2131147540983606,0.4615384615384615,0.2857142857142857,,9740.989344262294,91
PRJ-00746,Commercial,East,1096683.87,1413044.77,28.85,109,158,44.54,17,3.7,7,4,3.0,0,0,5.33,1.57,41.0,2,3,1,Medium,64510.81588235295,0.1559633027522936,0.2352941176470588,0.4285714285714285,0.5285714285714286,10061.319908256884,119
PRJ-00718,Residential,West,195466.49,210703.86,7.8,79,83,5.11,7,17.2,7,4,4.0,1,2,1.32,0.18,3.3,2,1,1,Low,27923.78428571429,0.0886075949367088,0.5714285714285714,0.5714285714285714,2.457142857142857,2474.259367088608,49
PRJ-01027,Renovation,East,1154733.19,1467764.17,27.11,97,136,40.07,13,3.4,5,6,2.0,1,5,6.73,17.54,63.9,7,7,3,Medium,88825.62999999999,0.134020618556701,0.4615384615384615,0.4,0.6799999999999999,11904.46587628866,65
PRJ-00876,Renovation,Central,420787.59,440163.96,4.6,55,56,2.3,9,27.1,3,8,1.0,0,1,0.74,-2.81,0.0,8,0,1,Low,46754.176666666666,0.1636363636363636,0.8888888888888888,0.3333333333333333,9.033333333333331,7650.683454545455,27
PRJ-00434,Infrastructure,East,850422.47,972840.48,14.39,57,65,14.65,14,23.1,8,6,3.0,0,3,6.69,1.86,40.8,8,1,1,Low,60744.46214285714,0.2456140350877192,0.4285714285714285,0.375,2.8875,14919.69245614035,112
PRJ-00766,Residential,East,364974.52,450343.46,23.39,57,74,30.42,7,3.1,3,2,3.0,1,8,0.0,5.11,49.6,3,5,3,Medium,52139.217142857146,0.1228070175438596,0.2857142857142857,1.0,1.0333333333333334,6403.061754385965,21
PRJ-01015,Commercial,East,743435.68,890174.74,19.74,93,124,32.84,13,5.7,6,13,4.0,1,3,2.92,10.46,52.1,2,2,3,Medium,57187.36,0.1397849462365591,1.0,0.6666666666666666,0.95,7993.932043010754,78
PRJ-01062,Industrial,Central,871163.5,1082482.63,24.26,83,108,29.54,16,5.0,7,6,1.0,3,6,9.8,10.73,65.2,3,3,0,Medium,54447.71875,0.1927710843373494,0.375,0.1428571428571428,0.7142857142857143,10495.94578313253,112
PRJ-00136,Residential,Central,159017.52,174520.72,9.75,82,86,5.37,6,20.6,7,6,5.0,0,5,3.07,-2.89,45.0,8,1,0,Low,26502.92,0.073170731707317,1.0,0.7142857142857143,2.942857142857143,1939.238048780488,42
PRJ-00618,Commercial,South,321506.3,357373.15,11.16,81,77,-4.56,8,20.0,2,5,3.0,1,0,0.0,0.16,29.9,3,0,0,Low,40188.2875,0.0987654320987654,0.625,1.5,10.0,3969.213580246914,16
PRJ-00882,Industrial,West,804408.96,940705.21,16.94,94,118,25.35,11,3.5,1,4,4.0,0,2,7.86,6.13,78.2,3,5,2,Medium,73128.08727272727,0.1170212765957446,0.3636363636363636,4.0,3.5,8557.542127659573,11
PRJ-00333,Industrial,Central,674035.33,798106.41,18.41,75,88,16.78,13,22.9,6,10,5.0,3,1,1.07,0.15,41.1,3,0,1,Medium,51848.871538461535,0.1733333333333333,0.7692307692307693,0.8333333333333334,3.8166666666666655,8987.137733333333,78
PRJ-00278,Commercial,Central,490104.22,587630.33,19.9,61,75,22.93,10,17.9,5,4,3.0,1,1,4.58,-1.29,26.0,7,0,2,Medium,49010.422,0.1639344262295081,0.4,0.6,3.58,8034.495409836065,50
PRJ-00159,Infrastructure,North,50000.0,58967.33,17.93,49,63,29.19,5,7.5,7,6,5.0,4,3,6.03,14.44,40.3,9,3,2,Medium,10000.0,0.1020408163265306,1.2,0.7142857142857143,1.0714285714285714,1020.408163265306,35
PRJ-00141,Commercial,South,665116.09,799453.37,20.2,85,106,24.52,10,13.5,6,8,2.0,1,4,9.73,10.29,57.4,5,2,0,Medium,66511.609,0.1176470588235294,0.8,0.3333333333333333,2.25,7824.895176470588,60
PRJ-00908,Residential,North,302457.22,358660.48,18.58,68,84,23.31,7,13.1,6,10,1.0,1,5,6.43,12.71,29.6,1,3,1,Medium,43208.17428571428,0.1029411764705882,1.4285714285714286,0.1666666666666666,2.183333333333333,4447.900294117647,42
PRJ-00725,Residential,East,200162.62,257910.31,28.85,53,68,28.72,7,14.3,5,6,2.0,3,2,5.23,14.41,79.1,3,0,0,Medium,28594.66,0.1320754716981132,0.8571428571428571,0.4,2.8600000000000003,3776.6532075471696,35
PRJ-00320,Renovation,North,428897.23,512136.38,19.41,70,87,23.98,9,4.2,5,10,4.0,1,3,3.58,11.32,34.2,4,4,3,Medium,47655.247777777775,0.1285714285714285,1.1111111111111112,0.8,0.8400000000000001,6127.103285714285,45
PRJ-01179,Residential,Central,50000.0,65426.76,30.85,65,89,37.67,5,3.3,8,9,4.0,3,3,7.74,13.61,56.1,1,3,4,High,10000.0,0.0769230769230769,1.8,0.5,0.4125,769.2307692307693,40
PRJ-01157,Residential,West,59187.64,73123.08,23.54,48,69,43.53,6,15.9,8,9,3.0,2,3,7.04,13.82,62.9,3,2,0,Medium,9864.606666666668,0.125,1.5,0.375,1.9875,1233.075833333333,48
PRJ-01071,Infrastructure,South,2500612.93,2914884.27,16.57,107,121,13.03,32,15.9,4,4,2.0,0,3,6.55,7.85,61.2,7,2,0,Low,78144.1540625,0.2990654205607476,0.125,0.5,3.975,23370.21429906542,128
PRJ-00868,Infrastructure,West,269191.35,378940.37,40.77,67,87,30.44,7,12.2,7,4,1.0,1,5,14.24,8.33,68.7,15,4,0,High,38455.90714285714,0.1044776119402985,0.5714285714285714,0.1428571428571428,1.7428571428571429,4017.781343283582,49
PRJ-00483,Industrial,East,336221.05,418418.76,24.45,81,99,22.43,8,8.1,3,8,4.0,5,3,5.75,15.12,38.2,4,2,0,Medium,42027.63125,0.0987654320987654,1.0,1.3333333333333333,2.7,4150.877160493827,24
PRJ-00866,Renovation,West,1764930.37,2139469.78,21.22,80,100,24.99,21,4.4,5,4,1.0,3,1,7.91,12.76,59.4,4,7,1,Medium,84044.30333333334,0.2625,0.1904761904761904,0.2,0.8800000000000001,22061.629625,105
PRJ-00185,Infrastructure,South,481828.81,567874.26,17.86,54,67,24.15,9,17.8,6,7,2.0,2,2,4.23,17.74,71.9,11,1,1,Medium,53536.53444444444,0.1666666666666666,0.7777777777777778,0.3333333333333333,2.966666666666667,8922.75574074074,54
PRJ-00426,Infrastructure,Central,82765.26,112110.83,35.46,69,103,49.02,6,2.9,2,6,2.0,3,2,5.77,15.67,64.8,8,3,3,High,13794.21,0.0869565217391304,1.0,1.0,1.45,1199.4965217391305,12
PRJ-01162,Industrial,North,176701.27,218989.6,23.93,49,63,28.16,6,7.5,9,6,8.0,4,5,10.62,12.77,86.2,6,1,1,Medium,29450.211666666662,0.1224489795918367,1.0,0.8888888888888888,0.8333333333333334,3606.1483673469374,54
PRJ-00260,Industrial,North,431371.62,502500.47,16.49,57,67,18.21,11,16.1,5,4,1.0,5,2,8.84,8.1,43.9,2,2,0,Medium,39215.60181818181,0.1929824561403508,0.3636363636363636,0.2,3.22,7567.923157894736,55
PRJ-00812,Residential,South,86798.51,105346.63,21.37,69,80,16.43,6,4.0,3,8,2.0,1,5,3.86,5.14,23.6,2,1,2,Medium,14466.418333333331,0.0869565217391304,1.3333333333333333,0.6666666666666666,1.3333333333333333,1257.949420289855,18
PRJ-00164,Residential,East,165319.73,184533.99,11.62,50,57,14.52,7,15.3,5,6,4.0,1,5,6.72,5.72,54.9,2,4,1,Low,23617.10428571429,0.14,0.8571428571428571,0.8,3.06,3306.3946,35
PRJ-00421,Industrial,East,698685.23,885813.01,26.78,69,91,32.08,15,10.2,3,4,5.0,2,4,11.51,10.97,78.6,5,3,2,Medium,46579.01533333333,0.217391304347826,0.2666666666666666,1.6666666666666667,3.4,10125.872898550724,45
PRJ-01183,Residential,South,225110.76,275472.18,22.37,48,54,12.64,7,8.8,3,8,8.0,3,1,6.39,11.5,64.3,2,3,1,Medium,32158.68,0.1458333333333333,1.1428571428571428,2.6666666666666665,2.9333333333333336,4689.8075,21
PRJ-00157,Commercial,West,50000.0,60399.94,20.8,52,68,31.61,5,12.4,6,7,2.0,0,4,8.19,-0.28,46.2,4,0,1,Medium,10000.0,0.0961538461538461,1.4,0.3333333333333333,2.066666666666667,961.5384615384615,30
PRJ-00712,Industrial,West,802713.25,949225.89,18.25,68,85,24.89,12,3.3,5,4,8.0,1,2,8.27,5.68,54.3,4,1,3,Medium,66892.77083333333,0.1764705882352941,0.3333333333333333,1.6,0.6599999999999999,11804.60661764706,60
PRJ-00423,Residential,North,316137.32,404828.15,28.05,78,103,31.91,7,26.6,4,6,4.0,1,3,3.65,12.99,17.4,4,2,2,Medium,45162.474285714285,0.0897435897435897,0.8571428571428571,1.0,6.65,4053.042564102564,28
PRJ-00846,Renovation,Central,408786.33,501210.79,22.61,64,81,26.77,8,5.9,7,4,4.0,2,4,6.45,14.38,72.1,4,0,3,Medium,51098.29125,0.125,0.5,0.5714285714285714,0.8428571428571429,6387.28640625,56
PRJ-00200,Commercial,South,1001747.53,1317371.51,31.51,66,87,31.36,16,15.2,4,8,2.0,1,4,2.71,9.57,70.0,2,1,3,Medium,62609.220625,0.2424242424242424,0.5,0.5,3.8,15177.99287878788,64
PRJ-00962,Commercial,West,1127408.44,1332012.8,18.15,72,84,16.5,12,4.5,3,6,2.0,4,3,2.44,2.15,48.5,3,4,2,Medium,93950.70333333332,0.1666666666666666,0.5,0.6666666666666666,1.5,15658.450555555555,36
PRJ-00463,Renovation,Central,116191.41,127640.35,9.85,72,76,5.52,6,21.9,3,10,5.0,1,3,0.29,9.36,11.9,2,4,0,Low,19365.235,0.0833333333333333,1.6666666666666667,1.6666666666666667,7.3,1613.7695833333337,18
PRJ-00851,Residential,South,370701.12,440880.7,18.93,65,83,27.88,8,15.5,7,8,2.0,4,7,10.18,17.55,55.9,1,4,1,Medium,46337.64,0.123076923076923,1.0,0.2857142857142857,2.2142857142857144,5703.094153846154,56
PRJ-00714,Renovation,Central,292165.69,315183.75,7.88,79,100,25.95,8,8.0,5,6,2.0,0,5,5.02,1.86,52.8,2,3,2,Low,36520.71125,0.1012658227848101,0.75,0.4,1.6,3698.2998734177218,40
PRJ-00835,Infrastructure,East,3087255.63,4156396.67,34.63,100,144,44.22,25,2.3,10,9,10.0,4,5,9.47,26.57,61.2,7,4,3,High,123490.2252,0.25,0.36,1.0,0.2299999999999999,30872.5563,250
PRJ-00209,Residential,East,684596.22,821202.0,19.95,58,75,29.5,11,13.3,7,8,4.0,0,3,9.49,18.05,54.4,0,2,3,Medium,62236.02,0.1896551724137931,0.7272727272727273,0.5714285714285714,1.9,11803.383103448276,77
PRJ-00606,Infrastructure,South,322210.86,378349.36,17.42,52,63,22.1,8,12.0,4,5,2.0,2,5,3.65,3.03,60.8,8,2,1,Medium,40276.3575,0.1538461538461538,0.625,0.5,3.0,6196.362692307692,32
PRJ-00942,Infrastructure,South,630272.03,680831.52,8.02,75,87,15.36,11,21.0,4,9,3.0,1,1,0.0,8.1,26.6,12,3,1,Low,57297.45727272728,0.1466666666666666,0.8181818181818182,0.75,5.25,8403.627066666668,44
PRJ-00619,Residential,East,50000.0,58504.89,17.01,49,67,37.19,5,9.4,5,8,3.0,1,4,6.49,24.44,44.6,2,6,2,Medium,10000.0,0.1020408163265306,1.6,0.6,1.88,1020.408163265306,25
PRJ-00290,Residential,Central,801626.69,927357.47,15.68,69,79,14.02,11,12.1,5,2,3.0,3,3,5.57,6.22,43.0,1,3,2,Medium,72875.15363636363,0.1594202898550724,0.1818181818181818,0.6,2.42,11617.778115942028,55
PRJ-00998,Residential,Central,1168356.57,1193389.52,2.14,78,91,16.23,13,22.4,3,4,3.0,4,2,3.55,15.85,45.6,2,1,1,Low,89873.58230769231,0.1666666666666666,0.3076923076923077,1.0,7.466666666666666,14978.930384615383,39
PRJ-00984,Commercial,Central,205326.35,249557.96,21.54,52,58,12.39,6,6.0,1,2,2.0,0,3,3.24,3.17,32.9,2,3,1,Low,34221.058333333334,0.1153846153846153,0.3333333333333333,2.0,6.0,3948.583653846154,6
PRJ-01084,Infrastructure,South,380375.17,443276.34,16.54,86,117,36.39,8,,6,7,3.0,2,7,5.29,10.78,34.3,10,4,1,Medium,47546.89625,0.0930232558139534,0.875,0.5,,4422.967093023256,48
PRJ-00537,Commercial,West,301358.39,348459.28,15.63,67,91,36.51,8,6.2,5,6,3.0,4,5,9.83,9.41,89.0,4,1,1,Medium,37669.79875,0.1194029850746268,0.75,0.6,1.24,4497.886417910448,40
PRJ-00579,Infrastructure,South,477440.66,558251.39,16.93,59,66,11.91,10,16.3,6,5,1.0,2,4,12.1,7.32,42.5,12,3,1,Medium,47744.066,0.1694915254237288,0.5,0.1666666666666666,2.716666666666667,8092.214576271186,60
PRJ-00097,Commercial,Central,810091.82,968603.71,19.57,71,93,31.12,13,6.3,4,7,1.0,3,3,5.64,14.92,87.0,4,2,1,Medium,62314.75538461538,0.1830985915492957,0.5384615384615384,0.25,1.575,11409.743943661972,52
PRJ-01042,Industrial,North,741200.33,919612.88,24.07,68,83,21.33,11,7.3,4,9,4.0,4,0,9.58,12.72,51.1,4,4,0,Medium,67381.84818181818,0.1617647058823529,0.8181818181818182,1.0,1.825,10900.004852941176,44
PRJ-00842,Infrastructure,South,79031.22,82964.51,4.98,64,77,19.87,6,14.5,5,6,3.0,0,2,2.6,11.57,39.1,7,4,0,Low,13171.87,0.09375,1.0,0.6,2.9,1234.8628125,30
PRJ-00179,Renovation,Central,1874413.17,2287215.44,22.02,114,147,28.67,20,16.1,5,6,4.0,2,5,3.89,8.48,67.2,2,2,1,Medium,93720.6585,0.175438596491228,0.3,0.8,3.22,16442.220789473682,100
PRJ-00032,Renovation,East,580356.05,665437.61,14.66,79,98,23.56,9,11.8,4,6,3.0,2,1,3.81,12.11,51.0,5,6,0,Medium,64484.00555555556,0.1139240506329113,0.6666666666666666,0.75,2.95,7346.279113924052,36
PRJ-00232,Commercial,West,214131.66,265422.89,23.95,50,66,31.96,7,13.0,4,7,3.0,2,3,4.27,14.46,54.9,4,3,1,Medium,30590.237142857142,0.14,1.0,0.75,3.25,4282.6332,28
PRJ-00935,Infrastructure,North,174760.37,180754.04,3.43,60,58,-2.56,6,12.3,3,4,4.0,0,1,2.66,-1.37,30.3,9,2,1,Low,29126.728333333333,0.1,0.6666666666666666,1.3333333333333333,4.1000000000000005,2912.672833333333,18
PRJ-00666,Infrastructure,East,1784950.98,2214626.18,24.07,74,104,40.05,19,14.2,9,8,3.0,0,4,5.84,8.11,34.2,6,3,2,Medium,93944.78842105262,0.2567567567567567,0.4210526315789473,0.3333333333333333,1.5777777777777775,24120.95918918919,171
PRJ-00761,Infrastructure,North,1611046.65,1912652.6,18.72,124,163,31.83,19,8.2,6,7,2.0,7,5,10.88,9.82,87.4,9,4,3,High,84791.92894736842,0.1532258064516129,0.3684210526315789,0.3333333333333333,1.3666666666666665,12992.311693548389,114
PRJ-01135,Renovation,North,646581.9,774551.4,19.79,62,74,20.01,13,7.9,6,4,2.0,2,3,2.8,18.86,92.5,4,5,1,Medium,49737.06923076923,0.2096774193548387,0.3076923076923077,0.3333333333333333,1.3166666666666669,10428.740322580645,78
PRJ-00332,Residential,East,251095.84,311689.34,24.13,68,91,33.97,8,8.8,3,4,4.0,1,4,5.09,9.75,77.3,2,2,0,Medium,31386.98,0.1176470588235294,0.5,1.3333333333333333,2.9333333333333336,3692.585882352941,24
PRJ-00219,Renovation,West,884582.63,1026328.85,16.02,71,88,24.5,17,20.9,4,6,1.0,0,3,0.0,11.57,35.3,3,6,2,Low,52034.27235294117,0.2394366197183098,0.3529411764705882,0.25,5.225,12458.91028169014,68
PRJ-00915,Renovation,East,1611023.6,2059380.79,27.83,75,103,36.9,26,12.0,2,3,3.0,3,2,0.72,6.15,41.0,4,3,0,Medium,61962.44615384616,0.3466666666666667,0.1153846153846153,1.5,6.0,21480.31466666667,52
PRJ-00089,Residential,East,70688.94,71181.25,0.7,67,69,2.87,6,14.0,5,8,3.0,2,3,4.73,-0.45,62.4,2,1,1,Low,11781.49,0.0895522388059701,1.3333333333333333,0.6,2.8,1055.0588059701493,30
PRJ-00623,Renovation,South,409202.64,499543.12,22.08,65,76,17.26,10,9.7,6,6,1.0,0,5,5.72,9.49,31.5,3,3,1,Medium,40920.264,0.1538461538461538,0.6,0.1666666666666666,1.6166666666666665,6295.425230769231,60
PRJ-01040,Residential,Central,732556.87,894242.6,22.07,60,63,5.21,12,14.9,6,9,1.0,5,2,10.09,3.76,34.7,2,4,1,Medium,61046.40583333333,0.2,0.75,0.1666666666666666,2.4833333333333334,12209.281166666666,72
PRJ-00364,Residential,North,729147.35,876429.06,20.2,75,93,23.65,13,16.7,4,4,4.0,2,1,8.55,13.35,50.4,1,1,1,Medium,56088.25769230769,0.1733333333333333,0.3076923076923077,1.0,4.175,9721.964666666669,52
PRJ-00873,Renovation,West,425836.0,460296.62,8.09,66,76,15.01,10,6.9,3,4,8.0,1,1,1.39,4.25,59.0,5,2,0,Low,42583.6,0.1515151515151515,0.4,2.6666666666666665,2.3000000000000003,6452.060606060606,30
PRJ-01054,Residential,South,249971.48,304465.28,21.8,52,66,26.4,7,11.1,8,7,5.0,1,4,4.17,5.33,73.0,3,1,2,Medium,35710.21142857143,0.1346153846153846,1.0,0.625,1.3875,4807.143846153846,56
PRJ-00709,Commercial,Central,220427.19,280610.34,27.3,68,88,30.1,7,12.1,7,4,5.0,1,5,6.17,16.34,62.8,7,2,2,Medium,31489.59857142857,0.1029411764705882,0.5714285714285714,0.7142857142857143,1.7285714285714284,3241.576323529412,49
PRJ-00794,Residential,North,97616.38,114554.57,17.35,69,68,-0.93,6,11.7,5,8,2.0,1,3,4.44,3.68,64.3,2,4,3,Low,16269.396666666667,0.0869565217391304,1.3333333333333333,0.4,2.34,1414.7301449275362,30
PRJ-00589,Residential,Central,184827.76,213078.24,15.28,80,96,20.19,7,15.6,5,8,4.0,4,2,6.55,4.11,19.6,3,3,0,Medium,26403.96571428572,0.0875,1.1428571428571428,0.8,3.12,2310.347,35
PRJ-00244,Industrial,East,294561.8,370939.47,25.93,85,115,35.6,9,5.5,4,6,1.0,1,4,4.1,13.62,60.3,2,4,0,Medium,32729.088888888888,0.1058823529411764,0.6666666666666666,0.25,1.375,3465.43294117647,36
PRJ-00462,Residential,Central,246634.65,299749.81,21.54,73,90,23.53,7,17.1,6,4,2.0,1,4,9.88,4.33,36.2,7,1,0,Medium,35233.521428571425,0.0958904109589041,0.5714285714285714,0.3333333333333333,2.85,3378.5568493150686,42
PRJ-00356,Commercial,Central,1004614.3,1172147.02,16.68,73,80,8.94,16,16.0,7,6,4.0,0,4,4.44,6.62,36.2,0,4,1,Low,62788.39375,0.2191780821917808,0.375,0.5714285714285714,2.2857142857142856,13761.839726027398,112
PRJ-00363,Residential,South,886721.14,1147685.96,29.43,103,143,38.96,17,11.5,5,6,2.0,3,5,6.36,18.15,54.5,6,2,2,High,52160.06705882353,0.1650485436893204,0.3529411764705882,0.4,2.3,8608.943106796116,85
PRJ-00983,Infrastructure,Central,1548603.06,2031054.16,31.15,77,112,45.16,26,7.4,5,10,3.0,3,4,9.6,16.71,75.1,8,4,1,High,59561.65615384616,0.3376623376623376,0.3846153846153846,0.6,1.48,20111.72805194805,130
PRJ-00534,Industrial,East,661321.49,751835.52,13.69,81,101,24.32,9,13.1,6,5,2.0,2,2,7.46,-0.49,54.2,4,6,0,Medium,73480.16555555555,0.1111111111111111,0.5555555555555556,0.3333333333333333,2.183333333333333,8164.462839506173,54
PRJ-00011,Commercial,East,944030.98,1065216.95,12.84,93,109,16.91,12,12.5,4,8,4.0,2,4,9.14,12.53,49.7,4,2,0,Medium,78669.24833333334,0.1290322580645161,0.6666666666666666,1.0,3.125,10150.870752688172,48
PRJ-00585,Renovation,West,372851.5,426328.95,14.34,58,74,27.26,9,9.5,4,5,2.0,1,2,5.65,12.39,33.0,3,3,0,Medium,41427.944444444445,0.1551724137931034,0.5555555555555556,0.5,2.375,6428.474137931034,36
PRJ-00707,Infrastructure,Central,151752.75,170694.58,12.48,79,91,15.09,7,16.3,7,8,,1,3,3.72,11.57,64.2,7,1,0,Low,21678.964285714286,0.0886075949367088,1.1428571428571428,,2.3285714285714287,1920.9208860759493,49
PRJ-00060,Residential,North,804453.39,767267.56,-4.62,92,92,0.21,16,20.8,1,6,3.0,2,0,0.58,1.64,16.2,7,5,1,Low,50278.336875,0.1739130434782608,0.375,3.0,20.8,8744.058586956522,16
PRJ-00840,Commercial,North,1347949.79,1584933.98,17.58,117,149,27.12,23,12.2,6,6,3.0,2,4,6.07,7.48,66.5,1,3,0,Medium,58606.51260869565,0.1965811965811965,0.2608695652173913,0.5,2.033333333333333,11520.938376068376,138
PRJ-00064,Infrastructure,East,66375.25,76551.15,15.33,63,78,24.15,6,10.0,6,9,3.0,1,4,6.16,0.57,41.6,8,2,3,Medium,11062.541666666666,0.0952380952380952,1.5,0.5,1.6666666666666667,1053.5753968253969,36
PRJ-00724,Renovation,West,2269055.67,3296649.95,45.29,101,144,42.75,31,7.1,7,6,3.0,1,6,14.96,21.17,65.6,7,2,3,High,73195.34419354839,0.3069306930693069,0.1935483870967742,0.4285714285714285,1.0142857142857142,22465.897722772275,217
PRJ-00711,Renovation,East,1454618.03,1952799.32,34.25,122,166,36.23,16,8.7,6,6,4.0,2,4,7.49,21.17,84.0,3,2,1,High,90913.626875,0.1311475409836065,0.375,0.6666666666666666,1.45,11923.098606557378,96
PRJ-00721,Commercial,West,535278.48,611957.65,14.33,82,95,16.0,12,24.8,3,4,1.0,1,3,0.31,1.5,50.2,10,4,1,Low,44606.54,0.1463414634146341,0.3333333333333333,0.3333333333333333,8.266666666666667,6527.786341463415,36
PRJ-00353,Industrial,East,535120.82,707750.92,32.26,91,110,21.41,9,6.2,6,10,2.0,2,3,10.47,7.16,41.0,4,1,3,Medium,59457.86888888889,0.0989010989010989,1.1111111111111112,0.3333333333333333,1.0333333333333334,5880.448571428571,54
PRJ-00678,Commercial,Central,355628.83,409977.45,15.28,72,88,22.78,8,16.4,6,5,4.0,1,3,1.3,-0.24,14.0,2,2,0,Medium,44453.60375,0.1111111111111111,0.625,0.6666666666666666,2.733333333333333,4939.289305555556,48
PRJ-00507,Commercial,West,371208.1,468704.54,26.26,49,68,37.8,10,3.7,5,6,2.0,2,3,5.71,16.97,57.7,5,3,5,Medium,37120.81,0.2040816326530612,0.6,0.4,0.74,7575.675510204082,50
PRJ-01078,Commercial,East,689651.04,756160.54,9.64,79,97,22.88,13,19.8,4,6,5.0,0,0,2.18,3.77,27.4,2,0,0,Low,53050.08,0.1645569620253164,0.4615384615384615,1.25,4.95,8729.76,52
PRJ-00410,Renovation,North,5561532.87,7521342.06,35.24,144,177,22.9,67,5.0,3,8,3.0,0,6,9.19,10.82,72.3,2,2,5,Medium,83007.95328358209,0.4652777777777778,0.1194029850746268,1.0,1.6666666666666667,38621.75604166667,201
PRJ-00877,Commercial,North,444537.89,555315.96,24.92,84,96,14.81,9,,4,8,3.0,1,1,5.73,8.34,34.2,2,2,1,Medium,49393.09888888889,0.1071428571428571,0.8888888888888888,0.75,,5292.117738095239,36
PRJ-01184,Residential,South,1940379.76,2249356.69,15.92,103,134,30.18,20,12.4,6,11,4.0,0,3,6.94,16.38,36.2,2,1,1,Medium,97018.988,0.1941747572815534,0.55,0.6666666666666666,2.066666666666667,18838.63844660194,120
PRJ-00672,Industrial,East,435760.02,553181.14,26.95,62,69,11.08,8,15.9,5,8,4.0,2,4,3.51,,71.7,5,4,0,Medium,54470.0025,0.1290322580645161,1.0,0.8,3.18,7028.387419354839,40
PRJ-01150,Renovation,West,1237161.62,1554827.82,25.68,105,137,30.08,19,19.0,4,4,2.0,3,2,7.06,9.81,57.4,5,1,0,Medium,65113.76947368422,0.1809523809523809,0.2105263157894736,0.5,4.75,11782.49161904762,76
PRJ-00771,Residential,West,316704.37,386283.22,21.97,74,96,29.37,7,13.1,4,8,3.0,2,3,6.0,,59.5,5,2,1,Medium,45243.48142857143,0.0945945945945946,1.1428571428571428,0.75,3.275,4279.788783783783,28
PRJ-01138,Commercial,North,243769.81,255076.65,4.64,80,91,13.85,7,12.6,2,5,1.0,0,0,7.89,-2.35,41.3,4,2,0,Low,34824.258571428574,0.0875,0.7142857142857143,0.5,6.3,3047.122625,14
PRJ-00291,Infrastructure,West,692546.48,811885.31,17.23,57,71,24.54,11,5.2,3,8,1.0,3,2,5.94,1.04,52.2,4,3,1,Medium,62958.770909090905,0.1929824561403508,0.7272727272727273,0.3333333333333333,1.7333333333333334,12149.938245614036,33
PRJ-00448,Industrial,South,1170299.88,1388672.73,18.66,91,123,35.51,12,5.0,6,7,5.0,4,4,7.02,13.98,73.0,3,5,1,Medium,97524.99,0.1318681318681318,0.5833333333333334,0.8333333333333334,0.8333333333333334,12860.43824175824,72
PRJ-00466,Industrial,North,478013.44,568001.99,18.83,75,99,31.94,10,10.8,5,4,4.0,2,3,9.99,11.62,51.1,3,1,1,Medium,47801.344,0.1333333333333333,0.4,0.8,2.16,6373.5125333333335,50
PRJ-00381,Industrial,South,947586.64,1178069.85,24.32,98,129,31.21,13,8.3,5,4,3.0,2,3,4.55,,53.7,2,1,1,Medium,72891.28,0.1326530612244898,0.3076923076923077,0.6,1.66,9669.251428571428,65
PRJ-00377,Renovation,East,592247.74,735192.77,24.14,89,102,15.13,13,10.5,8,11,2.0,1,4,0.96,0.91,26.7,7,1,2,Medium,45557.518461538464,0.146067415730337,0.8461538461538461,0.25,1.3125,6654.468988764045,104
PRJ-00322,Commercial,West,63550.67,62400.37,-1.81,72,66,-8.36,6,12.5,3,6,5.0,2,0,2.53,9.22,37.6,1,0,1,Low,10591.778333333334,0.0833333333333333,1.0,1.6666666666666667,4.166666666666667,882.6481944444445,18
PRJ-00084,Residential,South,260774.5,293522.91,12.56,54,67,24.46,9,6.0,10,12,6.0,1,5,8.55,8.88,63.4,0,7,2,Medium,28974.944444444445,0.1666666666666666,1.3333333333333333,0.6,0.6,4829.157407407408,90
PRJ-00130,Industrial,East,169871.28,193761.37,14.06,52,62,19.61,7,10.0,5,4,2.0,2,1,4.38,10.13,33.2,4,4,1,Medium,24267.325714285715,0.1346153846153846,0.5714285714285714,0.4,2.0,3266.7553846153846,35
PRJ-00849,Residential,North,197255.74,216411.37,9.71,50,61,21.19,7,8.2,3,4,2.0,2,2,2.74,5.87,24.2,3,1,0,Low,28179.391428571427,0.14,0.5714285714285714,0.6666666666666666,2.733333333333333,3945.1148,21
PRJ-00632,Infrastructure,South,1215644.77,1447164.25,19.04,71,82,16.06,17,8.6,4,3,5.0,2,2,3.68,-1.05,31.7,7,4,1,Medium,71508.51588235295,0.2394366197183098,0.1764705882352941,1.25,2.15,17121.75732394366,68
PRJ-00923,Industrial,West,665701.11,920113.14,38.22,57,80,40.9,12,8.1,4,5,4.0,3,2,3.53,14.31,37.2,8,3,0,High,55475.0925,0.2105263157894736,0.4166666666666667,1.0,2.025,11678.966842105265,48
PRJ-00454,Residential,North,901084.33,996946.39,10.64,103,132,28.4,11,,5,8,5.0,2,1,8.12,8.06,78.5,4,3,3,Medium,81916.75727272726,0.1067961165048543,0.7272727272727273,1.0,,8748.391553398058,55
PRJ-00261,Residential,East,244196.84,288697.41,18.22,71,93,30.44,7,12.6,6,8,1.0,1,3,11.61,10.48,29.2,2,3,3,Medium,34885.26285714286,0.0985915492957746,1.1428571428571428,0.1666666666666666,2.1,3439.3921126760565,42
PRJ-00549,Infrastructure,East,283821.37,323695.28,14.05,65,83,27.39,8,4.8,3,4,3.0,0,4,3.91,11.15,41.3,9,4,1,Medium,35477.67125,0.123076923076923,0.5,1.0,1.6,4366.482615384615,24
PRJ-00561,Residential,Central,636973.98,868221.85,36.3,89,127,43.07,13,4.1,8,5,3.0,0,5,10.13,8.48,92.4,6,2,6,High,48997.99846153846,0.146067415730337,0.3846153846153846,0.375,0.5125,7157.011011235955,104
PRJ-00901,Commercial,West,188060.2,217682.55,15.75,67,75,11.31,6,8.1,5,8,4.0,1,2,3.1,7.35,33.3,6,2,0,Low,31343.36666666667,0.0895522388059701,1.3333333333333333,0.8,1.62,2806.868656716418,30
PRJ-00965,Renovation,North,1412591.8,1680714.88,18.98,122,145,18.88,20,,2,8,2.0,1,3,9.2,11.6,33.5,4,3,1,Medium,70629.59,0.1639344262295081,0.4,1.0,,11578.62131147541,40
PRJ-00139,Infrastructure,East,262122.04,326550.61,24.58,75,104,38.47,9,4.2,9,6,5.0,3,4,7.62,17.31,63.1,6,2,1,Medium,29124.67111111111,0.12,0.6666666666666666,0.5555555555555556,0.4666666666666667,3494.9605333333334,81
PRJ-00948,Infrastructure,North,534869.54,661200.19,23.62,74,84,13.94,12,15.6,7,8,1.0,4,0,8.69,15.55,47.7,10,1,3,Medium,44572.46166666667,0.1621621621621621,0.6666666666666666,0.1428571428571428,2.2285714285714286,7227.966756756758,84
PRJ-00142,Commercial,Central,295087.34,363071.97,23.04,51,75,47.58,8,6.8,7,8,6.0,6,4,6.13,21.92,73.2,2,4,4,High,36885.9175,0.1568627450980392,1.0,0.8571428571428571,0.9714285714285714,5786.026274509804,56
PRJ-00945,Commercial,East,162618.16,199897.78,22.92,50,66,32.02,6,13.1,6,8,4.0,2,3,5.54,,58.9,3,1,1,Medium,27103.02666666667,0.12,1.3333333333333333,0.6666666666666666,2.183333333333333,3252.3632,36
PRJ-00406,Infrastructure,Central,1426939.52,1573711.82,10.29,98,106,8.19,17,20.3,5,6,3.0,3,1,1.54,8.71,39.2,8,3,0,Low,83937.61882352941,0.173469387755102,0.3529411764705882,0.6,4.0600000000000005,14560.607346938776,85
PRJ-01049,Infrastructure,West,487883.51,595847.21,22.13,58,77,32.0,11,10.5,5,6,5.0,3,6,7.9,15.26,54.3,9,1,1,Medium,44353.04636363637,0.1896551724137931,0.5454545454545454,1.0,2.1,8411.784655172414,55
PRJ-00140,Residential,East,109544.1,123866.7,13.07,66,84,27.34,6,18.8,6,5,3.0,2,4,6.79,13.9,57.7,7,5,2,Medium,18257.35,0.0909090909090909,0.8333333333333334,0.5,3.1333333333333333,1659.759090909091,36
PRJ-00378,Commercial,Central,215577.3,253964.54,17.81,66,82,24.85,8,15.0,8,10,5.0,1,8,7.7,8.61,76.8,2,3,4,Medium,26947.1625,0.1212121212121212,1.25,0.625,1.875,3266.322727272727,64
PRJ-00860,Commercial,East,439410.54,506738.82,15.32,91,93,2.31,11,,4,3,4.0,0,2,1.39,14.58,8.3,6,2,0,Low,39946.41272727273,0.1208791208791208,0.2727272727272727,1.0,,4828.687252747252,44
PRJ-00225,Commercial,Central,267157.99,304085.86,13.82,65,75,14.72,7,14.3,5,2,3.0,0,3,5.49,0.9,63.4,3,4,1,Low,38165.427142857145,0.1076923076923077,0.2857142857142857,0.6,2.8600000000000003,4110.122923076923,35
PRJ-00472,Commercial,Central,3163777.84,4196135.42,32.63,154,214,38.99,34,6.1,9,6,6.0,4,8,14.97,21.7,69.2,3,3,1,High,93052.28941176472,0.2207792207792207,0.1764705882352941,0.6666666666666666,0.6777777777777777,20544.011948051942,306
PRJ-00275,Industrial,Central,283758.45,295783.13,4.24,48,54,11.92,8,21.5,6,8,2.0,5,5,4.68,-1.2,23.5,5,4,1,Medium,35469.80625,0.1666666666666666,1.0,0.3333333333333333,3.583333333333333,5911.634375000001,48
PRJ-00293,Renovation,Central,161028.82,185210.54,15.02,49,47,-4.79,6,20.1,5,4,5.0,1,1,0.0,-12.11,14.8,4,4,0,Low,26838.13666666667,0.1224489795918367,0.6666666666666666,1.0,4.0200000000000005,3286.302448979592,30
PRJ-00568,Residential,South,51789.89,52903.28,2.15,72,84,16.28,5,19.8,2,7,0.0,0,0,3.41,-4.81,16.8,4,1,1,Low,10357.978,0.0694444444444444,1.4,0.0,9.9,719.3040277777777,10
PRJ-00592,Commercial,West,1709696.33,2021355.04,18.23,93,112,19.99,18,10.7,6,9,3.0,3,3,7.63,7.87,33.2,5,1,1,Medium,94983.12944444444,0.1935483870967742,0.5,0.5,1.7833333333333332,18383.831505376344,108
PRJ-00382,Renovation,Central,589591.59,734475.13,24.57,75,106,41.37,13,11.9,9,12,2.0,4,6,9.07,14.31,79.6,3,7,1,High,45353.19923076923,0.1733333333333333,0.9230769230769232,0.2222222222222222,1.3222222222222222,7861.2212,117
PRJ-01115,Renovation,South,240443.31,284412.78,18.29,77,86,11.25,7,13.3,4,6,2.0,3,2,4.5,9.64,0.0,6,2,0,Medium,34349.044285714284,0.0909090909090909,0.8571428571428571,0.5,3.325,3122.64038961039,28
PRJ-00637,Industrial,Central,584153.66,723342.04,23.83,92,111,20.99,13,9.0,7,4,1.0,0,4,3.86,18.33,44.6,3,2,2,Medium,44934.89692307693,0.1413043478260869,0.3076923076923077,0.1428571428571428,1.2857142857142858,6349.4963043478265,91
PRJ-00974,Renovation,East,154407.58,173446.64,12.33,58,67,15.12,7,9.4,5,8,2.0,1,5,1.31,,37.1,4,2,0,Low,22058.225714285712,0.1206896551724138,1.1428571428571428,0.4,1.88,2662.1996551724137,35
PRJ-00772,Industrial,Central,1171876.35,1290125.49,10.09,96,108,12.87,14,21.0,6,8,1.0,1,6,1.29,5.09,12.0,2,3,1,Low,83705.45357142857,0.1458333333333333,0.5714285714285714,0.1666666666666666,3.5,12207.0453125,84
PRJ-00803,Renovation,West,1691475.71,2158132.1,27.59,90,129,43.18,20,9.0,5,6,5.0,1,5,7.62,5.35,55.4,4,3,2,Medium,84573.7855,0.2222222222222222,0.3,1.0,1.8,18794.17455555556,100
PRJ-00595,Residential,West,774088.26,945618.6,22.16,100,134,34.04,13,9.2,7,8,4.0,1,4,9.49,10.21,42.5,5,1,2,Medium,59545.25076923077,0.13,0.6153846153846154,0.5714285714285714,1.3142857142857145,7740.8826,91
PRJ-00309,Residential,West,378668.35,487141.23,28.65,58,72,24.73,9,14.6,7,10,2.0,0,2,4.86,5.04,58.5,5,1,0,Medium,42074.26111111111,0.1551724137931034,1.1111111111111112,0.2857142857142857,2.085714285714286,6528.764655172414,63
PRJ-00482,Residential,South,196367.69,229758.12,17.0,65,87,33.58,6,5.8,6,6,3.0,2,3,4.39,10.11,67.2,4,0,1,Medium,32727.948333333334,0.0923076923076923,1.0,0.5,0.9666666666666668,3021.0413846153847,36
PRJ-00610,Commercial,Central,1211606.16,1415927.24,16.86,94,109,15.53,15,13.6,6,11,2.0,2,4,7.54,7.61,18.4,2,7,0,Medium,80773.74399999999,0.1595744680851064,0.7333333333333333,0.3333333333333333,2.2666666666666666,12889.427234042552,90
PRJ-00859,Commercial,East,240125.89,328248.3,36.7,64,82,27.97,7,4.6,5,4,0.0,2,4,9.46,20.46,74.6,2,0,0,Medium,34303.69857142858,0.109375,0.5714285714285714,0.0,0.92,3751.96703125,35
PRJ-00655,Infrastructure,West,1826861.15,2167325.01,18.64,76,89,16.52,21,15.7,6,7,2.0,0,4,1.78,11.49,25.0,4,3,4,Low,86993.38809523809,0.2763157894736842,0.3333333333333333,0.3333333333333333,2.6166666666666667,24037.646710526315,126
PRJ-00862,Infrastructure,East,220994.45,252966.3,14.47,84,105,24.68,8,21.9,8,6,4.0,0,2,9.17,6.81,48.5,6,3,1,Medium,27624.30625,0.0952380952380952,0.75,0.5,2.7375,2630.88630952381,64
PRJ-00562,Residential,East,3305001.95,3920528.87,18.62,130,158,21.78,33,20.8,5,6,1.0,4,2,7.19,4.43,21.2,4,2,2,Medium,100151.57424242423,0.2538461538461538,0.1818181818181818,0.2,4.16,25423.091923076925,165
PRJ-00040,Industrial,North,329530.8,393458.75,19.4,63,77,22.91,9,9.3,3,4,2.0,1,2,4.13,7.04,25.4,6,1,0,Medium,36614.53333333333,0.1428571428571428,0.4444444444444444,0.6666666666666666,3.1,5230.647619047619,27
PRJ-00031,Infrastructure,North,105576.21,120013.3,13.67,62,71,14.22,6,10.2,1,8,3.0,0,2,2.21,-1.37,48.3,6,2,1,Low,17596.035,0.0967741935483871,1.3333333333333333,3.0,10.2,1702.8420967741936,6
PRJ-00243,Residential,South,3245361.66,3983385.01,22.74,160,225,40.42,42,9.5,4,8,1.0,2,3,10.49,11.15,57.9,5,2,1,Medium,77270.51571428572,0.2625,0.1904761904761904,0.25,2.375,20283.510375,168
PRJ-00535,Residential,Central,1235928.04,1624392.19,31.43,90,115,28.25,22,11.2,2,3,3.0,2,4,6.42,8.07,60.0,3,9,1,Medium,56178.54727272727,0.2444444444444444,0.1363636363636363,1.5,5.6,13732.53377777778,44
PRJ-00137,Renovation,South,63549.81,75738.01,19.18,79,91,15.41,6,10.3,4,3,1.0,1,1,3.89,12.25,74.0,1,2,3,Low,10591.635,0.0759493670886076,0.5,0.25,2.575,804.4279746835442,24
PRJ-01003,Residential,North,969734.84,1170899.59,20.74,91,118,29.14,11,9.7,6,7,3.0,1,3,8.97,17.45,52.4,3,3,3,Medium,88157.71272727272,0.1208791208791208,0.6363636363636364,0.5,1.6166666666666665,10656.426813186812,66
PRJ-00433,Industrial,South,725114.31,800345.5,10.38,96,112,17.09,10,11.4,2,2,3.0,2,2,5.72,5.34,43.2,0,2,2,Low,72511.43100000001,0.1041666666666666,0.2,1.5,5.7,7553.274062500001,20
PRJ-00004,Industrial,East,153494.45,163389.29,6.45,68,67,-1.96,7,25.0,4,5,3.0,0,1,0.0,2.67,8.3,2,5,0,Low,21927.77857142857,0.1029411764705882,0.7142857142857143,0.75,6.25,2257.271323529412,28
PRJ-00491,Infrastructure,North,226350.28,290250.08,28.23,75,104,38.87,7,15.8,6,6,5.0,2,7,8.87,20.32,45.4,3,0,0,High,32335.754285714287,0.0933333333333333,0.8571428571428571,0.8333333333333334,2.6333333333333333,3018.003733333333,42
PRJ-00622,Commercial,North,459717.72,533763.82,16.11,65,83,27.63,8,5.5,4,4,3.0,0,8,9.75,9.06,58.3,2,0,2,Medium,57464.715,0.123076923076923,0.5,0.75,1.375,7072.580307692308,32
PRJ-01048,Infrastructure,East,204848.55,246652.19,20.41,62,78,25.25,8,12.2,6,4,4.0,3,3,10.98,10.74,69.4,9,0,1,Medium,25606.06875,0.1290322580645161,0.5,0.6666666666666666,2.033333333333333,3304.0088709677416,48
PRJ-00414,Renovation,Central,205718.16,237820.77,15.61,46,62,33.87,7,9.4,6,3,4.0,1,6,7.4,8.14,47.9,5,1,2,Medium,29388.308571428573,0.1521739130434782,0.4285714285714285,0.6666666666666666,1.5666666666666669,4472.133913043478,42
PRJ-01177,Commercial,West,1144807.46,1390562.27,21.47,104,138,33.0,14,19.7,4,7,2.0,2,6,6.23,4.34,75.5,4,6,2,Medium,81771.96142857142,0.1346153846153846,0.5,0.5,4.925,11007.76403846154,56
PRJ-00762,Residential,Central,729209.29,849483.4,16.49,99,120,21.52,13,11.8,4,8,1.0,0,2,1.77,3.16,26.5,3,2,1,Low,56093.02230769232,0.1313131313131313,0.6153846153846154,0.25,2.95,7365.750404040405,52
PRJ-00486,Commercial,North,126209.03,152519.43,20.85,80,97,21.22,7,13.7,5,6,0.0,1,3,3.5,10.4,63.0,4,4,0,Medium,18029.86142857143,0.0875,0.8571428571428571,0.0,2.74,1577.612875,35
PRJ-00315,Commercial,East,124713.86,155993.65,25.08,64,89,39.81,6,5.2,3,6,3.0,4,3,5.52,8.68,49.9,8,5,3,Medium,20785.643333333333,0.09375,1.0,1.0,1.7333333333333334,1948.6540625,18
PRJ-00528,Renovation,South,668440.87,699086.37,4.58,69,80,15.26,11,15.1,2,3,3.0,1,1,2.9,3.62,0.0,1,2,0,Low,60767.35181818181,0.1594202898550724,0.2727272727272727,1.5,7.55,9687.54884057971,22
PRJ-00395,Residential,North,854561.0,983272.55,15.06,97,117,20.99,14,16.1,6,8,3.0,5,4,4.6,7.8,68.9,10,2,1,Medium,61040.07142857143,0.1443298969072164,0.5714285714285714,0.5,2.6833333333333336,8809.907216494845,84
PRJ-01066,Renovation,West,812914.3,968101.85,19.09,60,74,23.61,12,12.2,4,8,1.0,2,3,3.41,,28.3,5,1,1,Medium,67742.85833333334,0.2,0.6666666666666666,0.25,3.05,13548.571666666669,48
PRJ-00006,Renovation,Central,250929.11,296374.64,18.11,78,97,24.33,8,15.6,4,6,2.0,1,2,7.26,8.36,90.2,3,4,2,Medium,31366.13875,0.1025641025641025,0.75,0.5,3.9,3217.0398717948715,32
PRJ-00101,Renovation,West,1131855.7,1448601.9,27.98,71,99,39.35,17,7.9,4,4,5.0,0,4,8.65,10.52,71.0,2,1,2,Medium,66579.74705882353,0.2394366197183098,0.2352941176470588,1.25,1.975,15941.629577464788,68
PRJ-00658,Commercial,North,1201369.46,1622835.1,35.08,85,129,51.61,18,2.0,5,4,6.0,4,7,9.05,13.65,79.1,7,1,2,High,66742.74777777778,0.2117647058823529,0.2222222222222222,1.2,0.4,14133.758352941177,90
PRJ-00524,Industrial,East,1344755.34,1752495.12,30.32,71,96,35.24,22,9.7,3,4,3.0,5,5,6.87,15.24,63.8,5,5,1,High,61125.24272727273,0.3098591549295774,0.1818181818181818,1.0,3.233333333333333,18940.216056338028,66
PRJ-00498,Industrial,West,1121757.88,1542610.52,37.52,67,97,44.64,14,8.2,6,6,4.0,0,4,11.62,11.13,59.4,9,6,0,High,80125.56285714285,0.208955223880597,0.4285714285714285,0.6666666666666666,1.3666666666666665,16742.654925373132,84
PRJ-00830,Residential,Central,476606.45,546585.53,14.68,76,99,30.49,11,24.0,5,6,2.0,2,0,5.96,10.86,47.8,3,2,0,Medium,43327.85909090909,0.1447368421052631,0.5454545454545454,0.4,4.8,6271.1375,55
PRJ-00329,Industrial,East,890346.21,1093714.32,22.84,73,95,29.85,15,9.9,2,6,2.0,2,6,6.94,17.37,51.9,5,1,1,Medium,59356.414,0.2054794520547945,0.4,1.0,4.95,12196.523424657536,30
PRJ-00431,Renovation,Central,290226.48,361867.57,24.68,78,97,24.23,9,6.1,3,4,1.0,2,0,9.0,12.58,54.1,2,5,2,Medium,32247.386666666665,0.1153846153846153,0.4444444444444444,0.3333333333333333,2.033333333333333,3720.852307692308,27
PRJ-00975,Commercial,West,137071.63,171446.67,25.08,51,65,28.14,6,6.4,6,7,3.0,2,2,0.0,0.5,49.4,3,4,0,Medium,22845.271666666667,0.1176470588235294,1.1666666666666667,0.5,1.0666666666666669,2687.679019607843,36
PRJ-00228,Industrial,North,218080.83,279930.81,28.36,56,74,32.03,7,13.4,5,4,3.0,0,3,5.12,16.96,54.0,1,2,0,Medium,31154.404285714285,0.125,0.5714285714285714,0.6,2.68,3894.3005357142856,35
PRJ-00661,Residential,South,250477.1,301768.94,20.48,50,64,27.74,8,11.5,2,5,0.0,1,6,10.59,19.02,73.7,3,3,3,Medium,31309.6375,0.16,0.625,0.0,5.75,5009.542,16
PRJ-00542,Industrial,Central,280222.58,330230.29,17.85,81,102,25.42,8,15.4,5,8,0.0,0,0,1.47,11.26,32.4,8,3,0,Low,35027.8225,0.0987654320987654,1.0,0.0,3.08,3459.5380246913583,40
PRJ-00753,Residential,North,335569.93,387487.08,15.47,51,71,38.58,8,8.5,7,8,1.0,2,1,4.33,6.7,51.5,7,2,0,Medium,41946.24125,0.1568627450980392,1.0,0.1428571428571428,1.2142857142857142,6579.802549019608,56
PRJ-01004,Residential,Central,236802.39,299588.31,26.51,65,85,31.09,7,11.4,7,6,2.0,2,12,2.18,12.12,43.5,3,4,1,Medium,33828.91285714286,0.1076923076923077,0.8571428571428571,0.2857142857142857,1.6285714285714286,3643.113692307693,49
PRJ-00067,Industrial,South,790248.37,758783.48,-3.98,99,108,8.91,10,,1,4,1.0,0,1,0.16,2.61,11.5,4,3,0,Low,79024.837,0.101010101010101,0.4,1.0,,7982.306767676768,10
PRJ-00068,Commercial,West,200450.34,219490.55,9.5,78,93,19.06,6,4.4,5,6,4.0,1,6,10.35,7.29,33.7,6,4,1,Medium,33408.39,0.0769230769230769,1.0,0.8,0.8800000000000001,2569.876153846154,30
PRJ-01090,Commercial,West,265415.04,329060.05,23.98,77,97,26.04,7,12.2,5,4,4.0,2,3,0.01,14.98,58.8,2,3,0,Medium,37916.43428571429,0.0909090909090909,0.5714285714285714,0.8,2.44,3446.948571428571,35
PRJ-00212,Industrial,Central,300315.09,322074.54,7.25,86,106,23.81,9,18.1,4,6,3.0,1,1,8.07,-4.02,36.0,4,2,1,Low,33368.34333333334,0.1046511627906976,0.6666666666666666,0.75,4.525,3492.0359302325583,36
PRJ-00013,Industrial,Central,5546136.26,7126723.43,28.5,136,187,37.21,77,6.8,4,4,2.0,1,1,5.05,12.99,48.6,2,0,0,Medium,72027.74363636364,0.5661764705882353,0.0519480519480519,0.5,1.7,40780.41367647058,308
PRJ-00523,Residential,North,74181.58,82173.01,10.77,80,93,16.83,6,19.9,6,5,2.0,1,1,6.43,10.21,17.6,6,5,0,Low,12363.596666666666,0.075,0.8333333333333334,0.3333333333333333,3.3166666666666664,927.26975,36
PRJ-00667,Infrastructure,Central,298893.6,344689.59,15.32,71,87,21.83,7,8.2,5,4,3.0,1,2,5.6,15.61,15.8,7,4,1,Medium,42699.08571428571,0.0985915492957746,0.5714285714285714,0.6,1.64,4209.769014084507,35
PRJ-00300,Industrial,North,283913.87,379727.56,33.75,71,99,39.78,8,11.1,10,8,4.0,2,6,8.29,26.91,60.1,6,3,0,High,35489.23375,0.1126760563380281,1.0,0.4,1.11,3998.786901408451,80
PRJ-00443,Infrastructure,West,212766.08,278112.2,30.71,57,79,39.44,7,3.2,6,7,2.0,0,2,7.08,12.25,64.8,8,1,3,Medium,30395.154285714285,0.1228070175438596,1.0,0.3333333333333333,0.5333333333333333,3732.738245614035,42
PRJ-00778,Residential,South,377954.38,454199.78,20.17,61,72,17.37,10,19.7,6,5,2.0,4,0,5.34,11.15,49.5,5,1,1,Medium,37795.438,0.1639344262295081,0.5,0.3333333333333333,3.283333333333333,6195.973442622951,60
PRJ-01089,Commercial,East,172691.75,187176.15,8.39,64,74,15.5,7,11.9,6,6,4.0,1,1,3.98,0.83,51.9,2,4,3,Low,24670.25,0.109375,0.8571428571428571,0.6666666666666666,1.9833333333333327,2698.30859375,42
PRJ-00550,Commercial,East,2525230.91,2780531.98,10.11,108,149,38.34,20,10.9,6,9,3.0,3,3,9.47,22.14,78.8,5,3,1,Medium,126261.5455,0.1851851851851851,0.45,0.5,1.8166666666666669,23381.767685185187,120
PRJ-00987,Commercial,West,89435.16,93147.26,4.15,50,54,8.89,6,13.6,5,6,5.0,3,4,4.0,1.63,23.6,2,3,1,Low,14905.86,0.12,1.0,1.0,2.72,1788.7032000000002,30
PRJ-01152,Infrastructure,East,150361.04,188852.85,25.6,68,82,20.75,6,5.1,8,11,5.0,1,2,8.22,4.93,66.2,7,2,2,Medium,25060.173333333336,0.088235294117647,1.8333333333333333,0.625,0.6375,2211.191764705882,48
PRJ-00368,Industrial,Central,431396.97,549005.0,27.26,90,116,29.14,10,9.3,4,6,1.0,1,0,6.09,13.9,25.0,2,4,0,Medium,43139.697,0.1111111111111111,0.6,0.25,2.325,4793.299666666667,40
PRJ-00738,Commercial,East,1180671.55,1505969.91,27.55,67,75,11.54,17,,5,4,4.0,1,2,7.25,12.26,57.3,5,0,3,Medium,69451.26764705882,0.2537313432835821,0.2352941176470588,0.8,,17621.963432835822,85
PRJ-00631,Renovation,West,807501.19,1003209.89,24.24,60,84,39.29,16,15.0,6,10,4.0,0,0,6.55,14.9,74.3,7,3,0,Medium,50468.824375,0.2666666666666666,0.625,0.6666666666666666,2.5,13458.353166666666,96
PRJ-01134,Infrastructure,Central,211969.45,244730.74,15.46,63,74,17.74,7,13.4,5,6,3.0,3,1,3.87,6.3,32.6,15,5,2,Medium,30281.35,0.1111111111111111,0.8571428571428571,0.6,2.68,3364.5944444444444,35
PRJ-00586,Industrial,West,69613.57,87519.38,25.72,67,85,27.43,6,11.5,6,8,4.0,1,2,6.17,11.09,60.5,3,0,0,Medium,11602.261666666667,0.0895522388059701,1.3333333333333333,0.6666666666666666,1.9166666666666667,1039.0085074626866,36
PRJ-01094,Residential,West,384762.96,476546.06,23.85,62,89,43.05,9,2.2,8,9,5.0,2,6,7.56,8.09,69.3,4,3,5,Medium,42751.44,0.1451612903225806,1.0,0.625,0.275,6205.854193548387,72
PRJ-00274,Industrial,North,1436071.68,1967286.69,36.99,93,131,40.48,23,10.9,5,6,5.0,1,6,7.25,15.27,66.9,0,4,2,High,62437.89913043478,0.2473118279569892,0.2608695652173913,1.0,2.18,15441.630967741934,115
PRJ-00552,Residential,East,1413990.14,1746878.09,23.54,112,149,33.14,18,5.2,5,4,3.0,1,5,7.51,15.18,64.8,7,2,1,Medium,78555.00777777778,0.1607142857142857,0.2222222222222222,0.6,1.04,12624.911964285711,90
PRJ-00238,Infrastructure,West,478820.41,589645.62,23.15,53,67,25.93,9,19.5,4,10,3.0,1,9,5.22,16.99,58.3,5,1,0,Medium,53202.26777777777,0.1698113207547169,1.1111111111111112,0.75,4.875,9034.347358490566,36
PRJ-01000,Commercial,West,786134.71,1021088.37,29.89,93,123,32.22,13,6.8,5,12,2.0,1,4,6.07,14.94,61.2,5,2,1,Medium,60471.90076923077,0.1397849462365591,0.9230769230769232,0.4,1.36,8453.061397849462,65
PRJ-00003,Infrastructure,West,471359.91,588094.35,24.77,87,112,29.1,8,19.4,7,12,3.0,3,10,9.61,8.77,51.2,6,1,2,High,58919.98875,0.0919540229885057,1.5,0.4285714285714285,2.771428571428572,5417.929999999999,56
PRJ-00007,Infrastructure,South,170853.31,207693.34,21.56,47,62,31.68,6,6.1,6,7,4.0,3,3,9.03,-0.5,58.4,9,3,0,Medium,28475.551666666663,0.1276595744680851,1.1666666666666667,0.6666666666666666,1.0166666666666666,3635.1768085106382,36
PRJ-00312,Commercial,North,713276.59,851648.61,19.4,78,104,32.73,13,13.8,5,8,4.0,2,3,8.26,13.08,61.8,3,6,1,Medium,54867.43,0.1666666666666666,0.6153846153846154,0.8,2.76,9144.571666666669,65
PRJ-01043,Industrial,East,247903.54,301584.34,21.65,74,102,38.0,8,3.4,3,4,3.0,6,0,6.24,13.33,80.3,1,1,2,Medium,30987.9425,0.1081081081081081,0.5,1.0,1.1333333333333333,3350.047837837838,24
PRJ-00598,Industrial,South,152258.33,166503.96,9.36,62,74,19.41,7,7.2,5,8,3.0,0,0,1.97,11.29,38.3,2,2,2,Low,21751.19,0.1129032258064516,1.1428571428571428,0.6,1.44,2455.779516129032,35
PRJ-01165,Residential,West,541371.2,611257.38,12.91,73,87,18.67,12,9.5,7,4,2.0,2,6,7.91,15.69,47.6,7,1,0,Medium,45114.26666666666,0.1643835616438356,0.3333333333333333,0.2857142857142857,1.3571428571428572,7416.043835616438,84
PRJ-00630,Infrastructure,Central,103992.49,117253.27,12.75,56,69,23.84,6,7.6,1,8,9.0,1,6,7.52,0.38,34.6,3,1,0,Medium,17332.08166666667,0.1071428571428571,1.3333333333333333,9.0,7.6,1857.00875,6
PRJ-00216,Infrastructure,West,486124.98,488443.61,0.48,89,106,19.1,8,3.8,3,6,1.0,0,1,4.22,7.99,24.5,8,0,1,Low,60765.6225,0.0898876404494382,0.75,0.3333333333333333,1.2666666666666666,5462.078426966292,24
PRJ-00399,Commercial,West,759840.15,981929.68,29.23,74,113,52.19,15,13.9,10,9,5.0,2,5,9.69,16.48,88.0,6,3,2,High,50656.01,0.2027027027027027,0.6,0.5,1.39,10268.110135135135,150
PRJ-00028,Residential,South,821580.35,934399.62,13.73,87,96,10.16,11,6.9,2,5,4.0,2,2,1.81,11.25,46.8,5,7,0,Low,74689.12272727273,0.1264367816091954,0.4545454545454545,2.0,3.45,9443.452298850574,22
PRJ-01172,Infrastructure,Central,131218.71,147745.85,12.6,49,64,30.87,6,10.8,9,10,5.0,3,3,5.99,14.78,62.9,7,2,4,Medium,21869.785,0.1224489795918367,1.6666666666666667,0.5555555555555556,1.2000000000000002,2677.932857142857,54
PRJ-00391,Industrial,Central,1027780.75,1049572.73,2.12,71,73,3.45,14,27.5,3,10,1.0,0,0,0.95,9.28,31.2,4,3,0,Low,73412.91071428571,0.1971830985915492,0.7142857142857143,0.3333333333333333,9.166666666666666,14475.785211267606,42
PRJ-01047,Residential,South,182824.35,227041.91,24.19,70,84,19.42,7,10.1,6,7,1.0,0,4,3.48,2.58,62.5,6,4,0,Medium,26117.76428571429,0.1,1.0,0.1666666666666666,1.6833333333333331,2611.776428571429,42
PRJ-00802,Commercial,Central,1609614.97,2004287.17,24.52,85,115,35.12,20,6.8,4,9,3.0,3,1,10.12,7.88,61.2,4,1,0,Medium,80480.7485,0.2352941176470588,0.45,0.75,1.7,18936.64670588235,80
PRJ-01035,Commercial,South,401240.8,449991.35,12.15,82,95,16.0,8,8.8,4,7,3.0,0,3,1.02,8.09,20.1,4,3,0,Low,50155.1,0.0975609756097561,0.875,0.75,2.2,4893.180487804878,32
PRJ-00487,Commercial,Central,1033368.34,1227090.36,18.75,95,140,47.63,13,10.6,9,6,4.0,4,3,12.39,19.73,73.3,3,5,1,High,79489.8723076923,0.1368421052631579,0.4615384615384615,0.4444444444444444,1.1777777777777778,10877.56147368421,117
PRJ-00755,Industrial,North,2055625.78,2428652.69,18.15,140,173,23.67,32,15.3,6,6,5.0,3,2,3.49,19.27,40.1,3,2,2,Medium,64238.305625,0.2285714285714285,0.1875,0.8333333333333334,2.5500000000000003,14683.041285714286,192
PRJ-00553,Residential,Central,559768.38,609506.84,8.89,63,75,18.39,9,15.7,4,6,4.0,0,0,4.11,3.98,36.3,7,4,1,Low,62196.48666666666,0.1428571428571428,0.6666666666666666,1.0,3.925,8885.212380952382,36
PRJ-00355,Commercial,Central,691562.45,815918.04,17.98,97,119,22.82,10,4.0,3,4,1.0,2,4,3.73,3.71,45.2,3,2,1,Medium,69156.245,0.1030927835051546,0.4,0.3333333333333333,1.3333333333333333,7129.509793814433,30
PRJ-01064,Industrial,North,110562.8,132490.17,19.83,47,64,36.24,6,5.2,5,4,7.0,5,2,8.46,21.34,44.6,3,2,0,Medium,18427.13333333333,0.1276595744680851,0.6666666666666666,1.4,1.04,2352.4,30
PRJ-00430,Infrastructure,North,396477.79,504904.09,27.35,90,112,24.5,9,4.0,4,6,3.0,1,5,3.83,2.29,48.9,8,2,0,Medium,44053.08777777778,0.1,0.6666666666666666,0.75,1.0,4405.308777777777,36
PRJ-00257,Infrastructure,North,438372.15,521157.73,18.88,51,69,35.13,10,8.1,8,11,,2,2,5.87,10.99,59.9,9,4,3,Medium,43837.215,0.196078431372549,1.1,,1.0125,8595.532352941176,80
PRJ-00292,Residential,West,485061.51,592532.34,22.16,82,111,35.46,10,8.4,6,8,3.0,3,2,6.41,14.55,67.8,9,3,3,Medium,48506.151,0.1219512195121951,0.8,0.5,1.4,5915.384268292683,60
PRJ-00026,Residential,East,50000.0,58894.18,17.79,75,90,19.89,5,10.8,5,6,4.0,0,7,4.85,8.62,18.9,6,5,0,Medium,10000.0,0.0666666666666666,1.2,0.8,2.16,666.6666666666666,25
PRJ-00337,Residential,East,924388.35,1083324.02,17.19,75,87,15.86,12,13.7,5,8,4.0,1,2,3.86,11.69,47.4,2,0,0,Low,77032.3625,0.16,0.6666666666666666,0.8,2.74,12325.178,60
PRJ-00717,Industrial,West,748444.38,845450.46,12.96,63,76,20.81,10,25.2,5,6,1.0,5,4,7.17,10.09,48.5,7,0,0,Medium,74844.438,0.1587301587301587,0.6,0.2,5.04,11880.069523809523,50
PRJ-00048,Commercial,West,480757.68,652005.21,35.62,85,119,40.32,11,7.7,4,8,3.0,3,3,8.16,5.21,57.4,3,5,6,High,43705.24363636364,0.1294117647058823,0.7272727272727273,0.75,1.925,5655.972705882353,44
PRJ-00319,Commercial,East,139035.28,156551.93,12.6,48,58,20.74,6,9.7,2,3,1.0,3,4,3.55,10.34,27.8,6,6,0,Medium,23172.546666666665,0.125,0.5,0.5,4.85,2896.568333333333,12
PRJ-00107,Commercial,East,1112020.24,1509070.89,35.71,108,150,38.54,20,12.0,3,6,4.0,6,3,12.0,20.7,53.7,3,7,1,High,55601.012,0.1851851851851851,0.3,1.3333333333333333,4.0,10296.483703703703,60
PRJ-00977,Commercial,East,291820.53,317695.76,8.87,61,77,26.23,7,13.9,5,8,4.0,3,3,4.13,18.84,28.3,1,1,1,Medium,41688.647142857146,0.1147540983606557,1.1428571428571428,0.8,2.78,4783.943114754099,35
PRJ-00056,Infrastructure,East,566041.94,639913.51,13.05,61,76,23.81,8,4.2,2,7,5.0,2,3,8.12,14.45,71.6,8,2,0,Medium,70755.2425,0.1311475409836065,0.875,2.5,2.1,9279.37606557377,16
PRJ-00889,Residential,North,384316.1,427319.25,11.19,65,80,23.7,10,13.5,6,8,4.0,2,3,5.4,5.93,41.3,3,2,1,Medium,38431.61,0.1538461538461538,0.8,0.6666666666666666,2.25,5912.555384615384,60
PRJ-00214,Infrastructure,East,357807.06,463206.29,29.46,63,87,38.82,8,11.1,6,5,5.0,0,8,8.81,4.78,80.5,11,3,3,Medium,44725.8825,0.1269841269841269,0.625,0.8333333333333334,1.85,5679.477142857143,48
PRJ-00121,Industrial,East,2253563.02,2755416.07,22.27,124,170,37.38,36,6.6,6,4,2.0,3,3,8.61,14.11,80.0,1,4,0,Medium,62598.97277777778,0.2903225806451613,0.1111111111111111,0.3333333333333333,1.1,18173.895322580644,216
PRJ-00582,Industrial,North,1137733.57,1525983.29,34.12,69,101,46.7,16,11.8,7,6,4.0,4,4,12.73,17.54,96.0,1,1,4,High,71108.348125,0.2318840579710145,0.375,0.5714285714285714,1.6857142857142855,16488.892318840582,112
PRJ-00527,Renovation,West,567651.42,739390.42,30.25,76,105,38.52,11,13.2,6,4,1.0,1,3,3.68,6.16,61.7,3,4,1,Medium,51604.67454545455,0.1447368421052631,0.3636363636363636,0.1666666666666666,2.2,7469.097631578948,66
PRJ-00870,Residential,Central,1495193.55,1763346.12,17.93,120,161,34.06,26,23.8,4,3,1.0,1,5,5.24,9.31,20.6,5,3,1,Medium,57507.44423076923,0.2166666666666666,0.1153846153846153,0.25,5.95,12459.94625,104
PRJ-00073,Infrastructure,East,360840.34,426935.75,18.32,64,77,20.63,9,11.0,5,10,3.0,2,3,7.96,4.57,18.5,7,2,0,Medium,40093.37111111111,0.140625,1.1111111111111112,0.6,2.2,5638.1303125,45
PRJ-01024,Industrial,South,1713512.73,2217669.72,29.42,93,137,46.82,17,6.1,4,6,1.0,5,4,3.65,13.77,76.7,3,0,0,High,100794.86647058824,0.1827956989247312,0.3529411764705882,0.25,1.525,18424.86806451613,68
PRJ-00768,Residential,South,2430831.64,2708414.96,11.42,84,103,22.67,33,9.7,4,9,2.0,2,4,5.84,5.01,42.6,2,3,2,Medium,73661.56484848485,0.3928571428571428,0.2727272727272727,0.5,2.425,28938.471904761907,132
PRJ-01132,Commercial,North,309441.74,296245.72,-4.26,84,93,10.25,8,12.0,7,6,4.0,1,2,4.87,0.78,30.9,2,1,3,Low,38680.2175,0.0952380952380952,0.75,0.5714285714285714,1.7142857142857142,3683.830238095238,56
PRJ-00919,Commercial,South,614730.11,758999.28,23.47,80,104,29.6,13,8.2,4,2,2.0,1,6,4.46,14.37,36.0,5,1,1,Medium,47286.93153846154,0.1625,0.1538461538461538,0.5,2.05,7684.126375,52
PRJ-00807,Industrial,Central,2011005.14,2575691.19,28.08,116,171,47.67,31,6.9,7,6,0.0,1,7,7.26,11.32,92.5,4,2,1,High,64871.13354838709,0.2672413793103448,0.1935483870967742,0.0,0.9857142857142858,17336.25120689655,217
PRJ-00571,Commercial,West,1661021.79,1967874.12,18.47,130,164,25.96,17,13.1,5,8,2.0,4,0,2.63,9.03,18.0,5,2,0,Medium,97707.16411764706,0.1307692307692307,0.4705882352941176,0.4,2.62,12777.090692307693,85
PRJ-00784,Industrial,North,681612.8,821501.51,20.52,96,129,34.86,13,,5,6,3.0,2,3,2.97,5.99,18.1,2,0,1,Medium,52431.75384615385,0.1354166666666666,0.4615384615384615,0.6,,7100.133333333334,65
PRJ-00520,Infrastructure,South,140045.2,177553.33,26.78,57,67,17.22,6,9.6,6,7,1.0,2,6,7.58,13.54,87.2,9,3,0,Medium,23340.86666666667,0.1052631578947368,1.1666666666666667,0.1666666666666666,1.6,2456.9333333333334,36
PRJ-01106,Infrastructure,Central,218586.93,273931.49,25.32,74,92,24.37,8,7.9,6,6,1.0,4,0,7.62,23.09,50.5,4,3,2,Medium,27323.36625,0.1081081081081081,0.75,0.1666666666666666,1.3166666666666669,2953.877432432432,48
PRJ-00326,Industrial,West,156637.98,180348.36,15.14,46,53,15.96,6,16.6,8,8,5.0,2,2,6.45,7.22,55.0,2,1,1,Medium,26106.33,0.1304347826086956,1.3333333333333333,0.625,2.075,3405.1734782608696,48
PRJ-00530,Commercial,West,828804.42,949152.02,14.52,70,81,16.34,16,27.7,3,10,3.0,4,0,2.88,8.04,22.8,2,0,1,Medium,51800.27625,0.2285714285714285,0.625,1.0,9.233333333333333,11840.063142857143,48
PRJ-00951,Industrial,North,50000.0,63280.99,26.56,50,65,29.41,5,6.3,1,6,2.0,0,4,7.46,1.3,36.0,5,0,0,Medium,10000.0,0.1,1.2,2.0,6.3,1000.0,5
PRJ-00317,Commercial,East,349617.26,380577.8,8.86,82,104,27.25,7,14.8,2,5,3.0,2,2,11.25,-5.26,40.5,5,4,1,Medium,49945.322857142855,0.0853658536585365,0.7142857142857143,1.5,7.4,4263.62512195122,14
PRJ-00959,Commercial,North,470146.65,526240.27,11.93,60,72,20.0,10,11.2,8,5,3.0,1,4,8.26,5.51,77.8,5,3,1,Medium,47014.665,0.1666666666666666,0.5,0.375,1.4,7835.7775,80
PRJ-00991,Industrial,South,289850.71,363213.72,25.31,69,79,15.21,8,13.9,5,14,2.0,1,6,5.32,1.22,43.1,1,1,2,Medium,36231.33875,0.1159420289855072,1.75,0.4,2.78,4200.734927536232,40
PRJ-00546,Commercial,North,50000.0,56658.09,13.32,71,94,32.24,6,27.7,6,12,7.0,1,2,4.58,-0.36,29.8,2,1,1,Medium,8333.333333333334,0.0845070422535211,2.0,1.1666666666666667,4.616666666666666,704.2253521126761,36
PRJ-00978,Commercial,East,432321.52,508964.48,17.73,85,116,36.58,8,13.6,7,12,2.0,5,5,6.31,7.17,45.0,2,2,1,Medium,54040.19,0.0941176470588235,1.5,0.2857142857142857,1.9428571428571428,5086.135529411765,56
PRJ-01038,Commercial,West,1191035.45,1457173.52,22.35,71,94,32.31,14,13.9,6,7,0.0,4,1,4.94,1.46,45.8,6,1,3,Medium,85073.96071428571,0.1971830985915492,0.5,0.0,2.316666666666667,16775.14718309859,84
PRJ-00459,Infrastructure,West,447982.03,523895.2,16.95,73,98,34.23,10,17.8,5,10,6.0,1,2,8.47,12.03,42.9,4,2,2,Medium,44798.203,0.136986301369863,1.0,1.2,3.56,6136.740136986302,50
PRJ-01170,Residential,South,909497.21,1019787.84,12.13,71,89,25.06,14,3.4,4,5,4.0,0,1,7.22,15.31,50.7,2,2,1,Low,64964.08642857143,0.1971830985915492,0.3571428571428571,1.0,0.85,12809.81985915493,56
PRJ-00061,Industrial,South,1024151.43,1142620.31,11.57,75,95,26.52,12,14.9,5,4,4.0,0,3,0.0,4.19,7.4,5,1,0,Low,85345.9525,0.16,0.3333333333333333,0.8,2.98,13655.352400000002,60
PRJ-00744,Residential,East,727790.93,900022.81,23.67,85,113,32.66,10,5.6,6,8,1.0,1,4,6.48,14.35,83.4,1,3,4,Medium,72779.09300000001,0.1176470588235294,0.8,0.1666666666666666,0.9333333333333332,8562.246235294118,60
PRJ-00093,Commercial,Central,802302.0,871213.42,8.59,87,119,36.64,15,15.3,9,6,3.0,0,5,5.58,7.42,45.5,7,2,0,Medium,53486.8,0.1724137931034483,0.4,0.3333333333333333,1.7000000000000002,9221.862068965518,135
PRJ-00954,Residential,West,422707.06,485796.11,14.93,70,94,33.78,9,16.5,5,4,,0,2,5.11,12.15,55.5,4,2,1,Medium,46967.45111111111,0.1285714285714285,0.4444444444444444,,3.3,6038.672285714286,45
PRJ-00424,Residential,Central,2984757.5,3583926.32,20.07,118,161,36.73,30,17.4,6,8,9.0,4,5,4.46,15.7,49.1,4,3,1,Medium,99491.91666666669,0.2542372881355932,0.2666666666666666,1.5,2.9,25294.555084745763,180
PRJ-00352,Residential,North,215703.91,222030.94,2.93,46,58,26.31,8,16.7,4,5,4.0,1,2,0.99,8.15,31.1,5,3,1,Low,26962.98875,0.1739130434782608,0.625,1.0,4.175,4689.215434782609,32
PRJ-01108,Commercial,Central,166463.9,199771.0,20.01,61,71,15.58,6,7.0,7,10,1.0,0,6,9.89,12.19,46.7,2,1,3,Medium,27743.983333333334,0.0983606557377049,1.6666666666666667,0.1428571428571428,1.0,2728.916393442623,42
PRJ-00281,Residential,North,1084792.62,1159208.53,6.86,63,75,19.32,15,16.1,6,7,4.0,1,5,0.15,5.05,9.1,1,2,2,Low,72319.508,0.238095238095238,0.4666666666666667,0.6666666666666666,2.6833333333333336,17218.93047619048,90
PRJ-00429,Residential,West,449369.68,537429.93,19.6,51,59,16.27,8,,7,6,3.0,2,3,5.45,7.97,0.0,6,1,0,Medium,56171.21,0.1568627450980392,0.75,0.4285714285714285,,8811.170196078432,56
PRJ-00360,Industrial,East,468095.9,561752.48,20.01,59,82,38.81,10,10.5,5,8,5.0,2,7,8.24,15.37,51.2,1,2,3,Medium,46809.59,0.1694915254237288,0.8,1.0,2.1,7933.828813559322,50
PRJ-00705,Commercial,West,135692.84,166506.73,22.71,73,93,27.19,6,6.1,6,5,4.0,1,3,9.8,16.54,71.4,6,3,1,Medium,22615.47333333333,0.0821917808219178,0.8333333333333334,0.6666666666666666,1.0166666666666666,1858.8060273972603,36
PRJ-00574,Infrastructure,Central,196437.58,245413.05,24.93,82,107,30.56,8,14.9,8,7,5.0,2,6,8.71,15.78,70.0,11,2,1,Medium,24554.6975,0.0975609756097561,0.875,0.625,1.8625,2395.5802439024387,64
PRJ-00856,Commercial,North,257125.49,315268.78,22.61,75,95,26.85,7,7.2,5,6,4.0,1,2,8.12,16.05,26.9,6,2,2,Medium,36732.212857142855,0.0933333333333333,0.8571428571428571,0.8,1.44,3428.3398666666667,35
PRJ-00544,Renovation,North,284588.64,347808.33,22.21,80,106,32.47,7,6.6,4,5,0.0,1,4,8.61,8.01,32.6,3,0,3,Medium,40655.52,0.0875,0.7142857142857143,0.0,1.65,3557.358,28
PRJ-01192,Commercial,South,850369.41,1087108.83,27.84,89,122,37.24,10,5.2,6,7,2.0,3,3,7.95,25.03,96.5,6,4,4,Medium,85036.941,0.1123595505617977,0.7,0.3333333333333333,0.8666666666666667,9554.712471910112,60
PRJ-00747,Commercial,West,684201.74,870312.07,27.2,98,122,24.63,9,4.6,5,6,3.0,1,2,5.25,1.15,23.2,2,1,1,Medium,76022.41555555555,0.0918367346938775,0.6666666666666666,0.6,0.92,6981.650408163266,45
PRJ-00183,Commercial,South,215032.2,268340.33,24.79,48,61,26.57,7,13.3,6,6,4.0,1,6,9.01,16.21,40.0,4,3,2,Medium,30718.88571428572,0.1458333333333333,0.8571428571428571,0.6666666666666666,2.216666666666667,4479.837500000001,42
PRJ-00696,Commercial,West,720008.11,913908.48,26.93,84,102,20.84,12,16.4,6,6,3.0,0,3,7.24,9.77,40.4,5,5,1,Medium,60000.675833333335,0.1428571428571428,0.5,0.5,2.733333333333333,8571.52511904762,72
PRJ-00465,Industrial,North,221566.91,250935.38,13.25,65,79,20.82,8,11.1,2,4,2.0,0,0,0.0,15.48,68.1,3,3,2,Low,27695.86375,0.123076923076923,0.5,1.0,5.55,3408.721692307692,16
PRJ-00111,Commercial,North,814778.48,878392.51,7.81,92,106,14.91,10,11.4,2,6,1.0,2,2,6.67,-1.36,31.8,3,0,0,Low,81477.848,0.108695652173913,0.6,0.5,5.7,8856.287826086957,20
PRJ-00371,Infrastructure,West,276123.77,358001.72,29.65,84,108,28.3,9,4.9,6,7,2.0,4,8,11.69,10.62,40.6,3,1,1,High,30680.41888888889,0.1071428571428571,0.7777777777777778,0.3333333333333333,0.8166666666666668,3287.1877380952383,54
PRJ-00240,Residential,Central,581550.84,683661.35,17.56,67,76,14.14,9,33.0,7,6,0.0,0,0,3.98,3.11,35.8,6,2,1,Low,64616.76,0.1343283582089552,0.6666666666666666,0.0,4.714285714285714,8679.86328358209,63
PRJ-01058,Residential,North,445292.37,509333.45,14.38,80,99,24.37,11,8.0,1,6,5.0,4,0,7.65,6.05,43.8,4,4,2,Medium,40481.12454545454,0.1375,0.5454545454545454,5.0,8.0,5566.154625,11
PRJ-00650,Residential,West,574732.42,744981.18,29.62,87,101,16.44,11,7.9,3,4,8.0,3,3,6.19,12.35,34.1,2,1,1,Medium,52248.40181818183,0.1264367816091954,0.3636363636363636,2.6666666666666665,2.6333333333333333,6606.119770114943,33
PRJ-00895,Infrastructure,North,80174.99,82571.68,2.99,59,71,19.65,6,18.1,4,5,4.0,1,5,4.53,11.03,25.5,9,3,1,Low,13362.498333333337,0.1016949152542373,0.8333333333333334,1.0,4.525,1358.8981355932203,24
PRJ-00205,Residential,West,248589.68,313682.89,26.19,65,91,39.68,7,6.2,7,8,2.0,1,8,12.71,18.71,76.1,3,0,0,High,35512.811428571425,0.1076923076923077,1.1428571428571428,0.2857142857142857,0.8857142857142858,3824.456615384616,49
PRJ-00932,Commercial,Central,1408672.09,1511466.65,7.3,121,139,15.2,17,16.6,3,4,5.0,0,0,9.09,-3.88,5.7,7,5,1,Low,82863.06411764707,0.140495867768595,0.2352941176470588,1.6666666666666667,5.533333333333334,11641.918099173554,51
PRJ-00262,Infrastructure,West,746884.17,896303.15,20.01,84,106,25.71,14,13.7,4,2,1.0,1,1,4.5,5.1,49.9,13,2,1,Medium,53348.86928571429,0.1666666666666666,0.1428571428571428,0.25,3.425,8891.478214285715,56
PRJ-00514,Commercial,South,643534.77,837716.49,30.17,60,82,36.19,10,4.9,3,6,3.0,1,2,4.79,7.36,54.3,3,1,0,Medium,64353.477,0.1666666666666666,0.6,1.0,1.6333333333333335,10725.5795,30
PRJ-00814,Industrial,Central,3421852.55,4137092.69,20.9,167,223,33.44,50,9.2,4,4,0.0,3,7,10.56,16.4,26.6,2,2,3,Medium,68437.05099999999,0.2994011976047904,0.08,0.0,2.3,20490.13502994012,200
PRJ-00340,Renovation,South,968729.3,1178569.71,21.66,74,102,38.43,12,8.9,6,9,5.0,3,5,7.85,19.7,68.5,8,3,1,Medium,80727.44166666667,0.1621621621621621,0.75,0.8333333333333334,1.4833333333333334,13090.936486486487,72
PRJ-00701,Residential,South,256750.8,299059.88,16.48,78,90,15.81,7,9.4,3,4,3.0,1,0,0.02,7.94,26.8,2,2,3,Low,36678.68571428571,0.0897435897435897,0.5714285714285714,1.0,3.1333333333333333,3291.676923076923,21
PRJ-00839,Commercial,Central,210990.46,273799.36,29.77,59,73,24.41,7,31.3,6,4,5.0,1,2,4.74,3.04,61.8,5,3,0,Medium,30141.494285714285,0.1186440677966101,0.5714285714285714,0.8333333333333334,5.216666666666667,3576.1094915254234,42
PRJ-01080,Commercial,West,728612.27,785159.42,7.76,96,104,8.75,9,5.8,5,6,2.0,1,3,3.61,1.18,31.0,5,3,0,Low,80956.91888888889,0.09375,0.6666666666666666,0.4,1.16,7589.711145833334,45
PRJ-00184,Commercial,West,140483.24,168698.51,20.08,49,65,31.84,7,9.6,4,7,5.0,2,1,8.78,5.91,61.0,3,3,2,Medium,20069.03428571429,0.1428571428571428,1.0,1.25,2.4,2867.0048979591834,28
PRJ-00138,Commercial,East,348093.99,441617.06,26.87,54,72,34.09,9,16.8,9,6,4.0,1,4,8.92,10.21,75.0,4,0,1,Medium,38677.11,0.1666666666666666,0.6666666666666666,0.4444444444444444,1.8666666666666667,6446.185,81
PRJ-01175,Commercial,Central,967729.79,1067308.89,10.29,63,86,36.89,11,16.7,7,8,3.0,3,4,2.5,15.45,23.0,1,4,1,Medium,87975.43545454546,0.1746031746031746,0.7272727272727273,0.4285714285714285,2.3857142857142857,15360.790317460318,77
PRJ-00728,Residential,Central,404227.09,454383.17,12.41,68,72,5.65,8,15.5,6,5,2.0,0,4,2.77,-7.16,26.1,6,2,0,Low,50528.38625,0.1176470588235294,0.625,0.3333333333333333,2.583333333333333,5944.516029411765,48
PRJ-00653,Industrial,West,273171.92,330498.85,20.99,69,86,25.2,8,16.9,7,8,3.0,0,2,2.59,12.32,59.5,5,5,0,Medium,34146.49,0.1159420289855072,1.0,0.4285714285714285,2.414285714285714,3959.013333333333,56
PRJ-00081,Industrial,West,350517.07,451878.91,28.92,76,89,17.45,7,3.4,7,6,4.0,2,6,3.82,9.27,52.9,6,5,2,Medium,50073.86714285715,0.0921052631578947,0.8571428571428571,0.5714285714285714,0.4857142857142857,4612.066710526316,49
PRJ-00529,Infrastructure,North,613360.62,662951.57,8.09,76,90,18.84,11,13.4,4,7,2.0,0,5,0.0,13.43,27.1,10,0,0,Low,55760.056363636366,0.1447368421052631,0.6363636363636364,0.5,3.35,8070.534473684211,44
PRJ-00815,Residential,East,786967.75,792064.68,0.65,69,70,1.1,15,21.2,2,5,5.0,1,2,1.14,1.33,30.4,4,6,0,Low,52464.51666666667,0.217391304347826,0.3333333333333333,2.5,10.6,11405.329710144928,30
PRJ-00850,Renovation,South,181033.59,232834.65,28.61,84,107,27.64,8,9.5,4,10,2.0,2,0,4.6,14.78,41.2,3,1,0,Medium,22629.19875,0.0952380952380952,1.25,0.5,2.375,2155.161785714285,32
PRJ-00030,Industrial,South,1200504.96,1413953.18,17.78,95,127,33.26,20,10.7,6,8,3.0,5,6,3.27,5.85,71.8,5,5,1,Medium,60025.248,0.2105263157894736,0.4,0.5,1.7833333333333332,12636.894315789474,120
PRJ-00953,Residential,North,399504.94,482419.7,20.75,55,69,26.26,7,10.0,4,6,2.0,1,3,9.97,11.47,73.0,1,3,2,Medium,57072.13428571429,0.1272727272727272,0.8571428571428571,0.5,2.5,7263.726181818181,28
PRJ-00166,Commercial,East,78483.68,99093.06,26.26,51,64,25.16,6,13.5,5,6,4.0,2,2,1.75,7.64,66.2,4,3,0,Medium,13080.613333333333,0.1176470588235294,1.0,0.8,2.7,1538.8956862745097,30
PRJ-00249,Commercial,Central,1215189.3,1481475.27,21.91,100,126,26.02,13,8.6,6,11,4.0,0,4,7.81,7.58,37.6,3,0,1,Medium,93476.1,0.13,0.8461538461538461,0.6666666666666666,1.4333333333333331,12151.893,78
PRJ-00308,Industrial,South,334998.01,411905.05,22.96,49,64,30.06,9,23.2,6,7,5.0,3,3,4.45,3.39,51.5,2,1,0,Medium,37222.00111111111,0.1836734693877551,0.7777777777777778,0.8333333333333334,3.866666666666666,6836.694081632653,54
PRJ-00880,Industrial,West,328966.61,372515.48,13.24,63,77,22.46,9,24.5,1,6,6.0,0,2,4.72,11.34,16.5,3,2,3,Low,36551.84555555556,0.1428571428571428,0.6666666666666666,6.0,24.5,5221.692222222222,9
PRJ-00934,Infrastructure,Central,139867.79,180157.35,28.81,48,67,40.24,6,5.3,4,4,5.0,4,5,10.84,11.2,56.7,6,1,2,High,23311.298333333336,0.125,0.6666666666666666,1.25,1.325,2913.912291666667,24
PRJ-00347,Renovation,South,886190.19,1079466.12,21.81,59,82,38.91,17,12.5,8,9,4.0,4,2,7.64,21.32,47.9,4,2,0,Medium,52128.83470588235,0.288135593220339,0.5294117647058824,0.5,1.5625,15020.172711864408,136
PRJ-00335,Residential,East,779543.37,1070306.49,37.3,87,128,47.0,14,7.0,7,6,2.0,6,7,11.72,20.04,87.0,4,1,2,High,55681.66928571429,0.160919540229885,0.4285714285714285,0.2857142857142857,1.0,8960.268620689656,98
PRJ-00286,Commercial,East,2482558.87,3161058.78,27.33,151,206,36.13,32,7.9,7,6,1.0,3,4,7.79,12.38,72.6,5,0,3,Medium,77579.9646875,0.2119205298013245,0.1875,0.1428571428571428,1.1285714285714286,16440.787218543046,224
PRJ-00979,Industrial,Central,307889.23,352999.19,14.65,57,70,23.08,8,8.4,5,4,1.0,1,2,3.55,2.23,55.7,5,3,1,Medium,38486.15375,0.1403508771929824,0.5,0.2,1.6800000000000002,5401.565438596491,40
PRJ-00098,Residential,Central,678483.38,732079.92,7.9,69,74,7.0,12,9.6,4,6,2.0,1,3,1.84,8.12,26.5,3,4,0,Low,56540.28166666667,0.1739130434782608,0.5,0.5,2.4,9833.092463768116,48
PRJ-00558,Commercial,East,691424.08,874141.58,26.43,72,93,28.6,14,7.7,4,5,3.0,2,4,5.44,19.34,75.6,1,2,2,Medium,49387.43428571429,0.1944444444444444,0.3571428571428571,0.75,1.925,9603.112222222222,56
PRJ-01051,Industrial,East,78904.33,83780.41,6.18,58,69,18.48,6,,2,3,4.0,2,3,5.51,-0.23,32.1,2,1,0,Low,13150.721666666666,0.1034482758620689,0.5,2.0,,1360.4194827586207,12
PRJ-00940,Residential,Central,690896.74,744281.59,7.73,69,86,24.24,13,10.5,4,9,1.0,2,3,7.65,18.26,71.8,5,1,5,Medium,53145.903076923074,0.1884057971014492,0.6923076923076923,0.25,2.625,10012.996231884055,52
PRJ-00621,Infrastructure,South,235833.27,258308.28,9.53,76,93,21.75,7,4.6,3,4,3.0,0,0,3.44,9.09,49.7,9,3,2,Low,33690.46714285714,0.0921052631578947,0.5714285714285714,1.0,1.5333333333333332,3103.069342105263,21
PRJ-00702,Commercial,North,84276.13,102370.65,21.47,79,99,25.01,6,9.2,6,12,6.0,1,2,2.54,4.56,49.9,7,4,1,Medium,14046.021666666667,0.0759493670886076,2.0,1.0,1.5333333333333332,1066.786455696203,36
PRJ-01076,Commercial,South,1059648.9,1159955.5,9.47,75,78,3.63,16,5.8,4,5,2.0,3,1,3.5,6.01,61.7,1,1,1,Low,66228.05625,0.2133333333333333,0.3125,0.5,1.45,14128.651999999998,64
PRJ-00863,Infrastructure,West,1966249.56,2519966.44,28.16,130,182,39.99,23,7.0,3,2,4.0,2,3,11.4,16.96,41.8,9,1,3,Medium,85489.11130434783,0.1769230769230769,0.0869565217391304,1.3333333333333333,2.333333333333333,15124.996615384616,69
PRJ-00779,Infrastructure,South,1133789.49,1329091.38,17.23,70,86,22.74,13,9.4,4,5,5.0,4,1,2.97,9.01,67.7,9,0,2,Medium,87214.57615384615,0.1857142857142857,0.3846153846153846,1.25,2.35,16196.992714285714,52
PRJ-01073,Commercial,West,4174621.72,4688087.69,12.3,172,232,34.66,38,11.7,6,7,4.0,2,6,12.23,15.21,83.0,3,8,4,Medium,109858.46631578948,0.2209302325581395,0.1842105263157894,0.6666666666666666,1.95,24271.056511627907,228
PRJ-00066,Industrial,North,1328493.03,1555285.13,17.07,113,154,35.89,14,7.5,4,6,4.0,2,2,7.64,3.63,58.0,3,5,0,Medium,94892.3592857143,0.1238938053097345,0.4285714285714285,1.0,1.875,11756.575486725664,56
PRJ-01118,Infrastructure,Central,491531.94,633522.21,28.89,52,71,36.89,11,13.6,4,6,2.0,1,1,5.5,6.85,68.8,8,2,0,Medium,44684.72181818182,0.2115384615384615,0.5454545454545454,0.5,3.4,9452.537307692308,44
PRJ-00765,Renovation,North,2200212.3,2478064.96,12.63,126,150,18.71,20,12.6,4,9,0.0,2,2,2.4,8.85,46.5,2,5,3,Low,110010.615,0.1587301587301587,0.45,0.0,3.15,17462.00238095238,80
PRJ-00997,Industrial,East,490160.26,597583.03,21.92,59,78,32.0,10,14.4,6,8,1.0,2,2,6.83,14.14,77.3,6,1,0,Medium,49016.026,0.1694915254237288,0.8,0.1666666666666666,2.4,8307.801016949154,60
PRJ-01098,Infrastructure,East,211144.37,240652.24,13.98,80,85,5.96,8,13.9,2,4,3.0,0,2,1.28,8.28,37.1,4,3,3,Low,26393.04625,0.1,0.5,1.5,6.95,2639.304625,16
PRJ-01113,Industrial,North,740453.55,881234.23,19.01,94,129,36.86,13,10.0,8,7,10.0,1,5,9.22,2.89,50.1,5,3,1,Medium,56957.96538461539,0.1382978723404255,0.5384615384615384,1.25,1.25,7877.165425531915,104
PRJ-00303,Industrial,South,165445.03,185094.81,11.88,77,89,16.1,7,,4,7,5.0,1,1,0.87,16.64,26.2,6,3,0,Low,23635.004285714287,0.0909090909090909,1.0,1.25,,2148.6367532467534,28
PRJ-00255,Residential,Central,2190114.88,2873042.79,31.18,86,132,53.23,35,9.3,5,4,2.0,0,2,7.86,23.03,102.7,2,1,2,Medium,62574.71085714285,0.4069767441860465,0.1142857142857142,0.4,1.86,25466.45209302325,175
PRJ-00988,Residential,West,1107438.03,1393352.15,25.82,109,132,21.12,20,14.9,5,6,9.0,1,6,4.83,12.15,76.1,3,5,1,Medium,55371.9015,0.1834862385321101,0.3,1.8,2.98,10159.981926605506,100
PRJ-00960,Commercial,East,490627.53,613985.28,25.14,66,87,32.12,8,5.7,5,4,,1,7,7.91,7.47,82.1,4,4,2,Medium,61328.44125,0.1212121212121212,0.5,,1.14,7433.750454545455,40
PRJ-00313,Residential,Central,370866.02,492398.09,32.77,85,110,29.71,10,9.7,1,6,4.0,1,2,6.6,9.34,49.7,1,4,1,Medium,37086.602,0.1176470588235294,0.6,4.0,9.7,4363.129647058824,10
PRJ-00554,Renovation,East,930769.16,1045787.2,12.36,94,117,24.64,13,6.4,5,10,2.0,2,4,4.27,6.42,51.3,5,1,0,Medium,71597.6276923077,0.1382978723404255,0.7692307692307693,0.4,1.28,9901.799574468085,65
PRJ-00222,Commercial,South,1825883.51,2113786.76,15.77,94,117,24.29,22,3.6,3,2,2.0,2,2,8.49,12.04,43.0,2,2,1,Medium,82994.705,0.2340425531914893,0.0909090909090909,0.6666666666666666,1.2,19424.29265957447,66
PRJ-00478,Industrial,Central,192695.83,198680.54,3.11,45,54,20.91,7,9.5,4,3,2.0,0,0,5.73,3.94,34.6,5,1,1,Low,27527.975714285712,0.1555555555555555,0.4285714285714285,0.5,2.375,4282.129555555555,28
PRJ-00389,Residential,North,236845.34,257285.67,8.63,48,52,9.05,7,11.5,3,6,,1,2,2.87,11.49,29.1,5,1,1,Low,33835.04857142857,0.1458333333333333,0.8571428571428571,,3.8333333333333335,4934.277916666667,21
PRJ-00236,Infrastructure,North,544974.56,660441.61,21.19,55,67,21.89,10,8.4,1,4,8.0,0,5,2.59,3.36,28.3,8,5,1,Medium,54497.456000000006,0.1818181818181818,0.4,8.0,8.4,9908.628363636364,10
PRJ-00833,Commercial,West,775889.85,975841.39,25.77,76,104,36.83,13,9.2,4,7,1.0,0,5,1.55,6.33,41.8,3,1,2,Medium,59683.83461538461,0.1710526315789473,0.5384615384615384,0.25,2.3,10209.07697368421,52
PRJ-01088,Infrastructure,Central,243256.57,255773.48,5.15,77,85,10.17,7,8.9,5,12,1.0,3,4,0.3,6.53,51.0,9,2,2,Low,34750.938571428575,0.0909090909090909,1.7142857142857142,0.2,1.78,3159.176233766234,35
PRJ-00760,Commercial,Central,446808.16,543063.19,21.54,72,91,27.03,9,12.5,3,6,5.0,5,1,6.11,10.83,49.6,7,5,0,Medium,49645.35111111111,0.125,0.6666666666666666,1.6666666666666667,4.166666666666667,6205.668888888888,27
PRJ-00306,Commercial,South,565562.6,694299.77,22.76,93,124,33.84,12,11.3,6,8,3.0,1,2,4.31,2.38,73.3,0,2,2,Medium,47130.21666666667,0.1290322580645161,0.6666666666666666,0.5,1.8833333333333333,6081.318279569892,72
PRJ-01125,Commercial,South,988969.6,1163044.48,17.6,79,106,33.72,13,8.9,2,6,5.0,2,2,4.1,6.31,47.7,3,4,0,Medium,76074.5846153846,0.1645569620253164,0.4615384615384615,2.5,4.45,12518.602531645569,26
PRJ-00573,Commercial,East,1087842.16,1365628.77,25.54,106,159,50.23,16,16.1,6,6,4.0,3,5,9.92,17.52,63.9,3,2,1,High,67990.135,0.1509433962264151,0.375,0.6666666666666666,2.6833333333333336,10262.661886792452,96
PRJ-00964,Residential,Central,518207.18,568249.34,9.66,94,120,27.71,12,11.7,3,4,2.0,0,3,5.17,10.97,47.3,4,0,4,Low,43183.93166666666,0.1276595744680851,0.3333333333333333,0.6666666666666666,3.9,5512.842340425532,36
PRJ-00944,Commercial,West,956933.63,1302114.33,36.07,80,105,31.85,12,11.4,5,8,2.0,4,2,9.6,11.97,71.6,7,1,4,High,79744.46916666666,0.15,0.6666666666666666,0.4,2.28,11961.670375,60
PRJ-01153,Residential,Central,721789.85,886406.0,22.81,100,140,40.16,13,5.9,7,8,3.0,3,4,8.44,16.35,67.2,4,1,2,Medium,55522.29615384615,0.13,0.6153846153846154,0.4285714285714285,0.8428571428571429,7217.898499999999,91
PRJ-00250,Commercial,South,406453.53,517912.75,27.42,78,102,30.87,9,6.2,6,7,3.0,2,4,9.19,18.03,71.8,3,1,2,Medium,45161.50333333333,0.1153846153846153,0.7777777777777778,0.5,1.0333333333333334,5210.942692307693,54
PRJ-00781,Residential,South,102771.91,118283.51,15.09,50,61,22.3,6,8.8,8,7,6.0,2,2,6.72,4.82,25.0,4,3,2,Medium,17128.65166666667,0.12,1.1666666666666667,0.75,1.1,2055.4382,48
PRJ-00614,Renovation,West,164292.7,160239.96,-2.47,76,81,6.19,6,18.3,2,3,2.0,2,2,0.0,-0.38,49.2,5,4,1,Low,27382.11666666667,0.0789473684210526,0.5,1.0,9.15,2161.746052631579,12
PRJ-00072,Commercial,North,201088.64,222183.5,10.49,49,60,22.34,7,13.0,8,7,,2,5,3.4,7.84,29.3,5,1,0,Medium,28726.948571428573,0.1428571428571428,1.0,,1.625,4103.849795918368,56
PRJ-00095,Commercial,East,544788.99,664664.59,22.0,63,85,34.21,10,,6,5,4.0,0,3,4.24,9.5,55.5,5,1,0,Medium,54478.899,0.1587301587301587,0.5,0.6666666666666666,,8647.444285714286,60
PRJ-00674,Infrastructure,West,112422.64,132654.23,18.0,45,59,31.65,6,8.1,4,6,3.0,2,3,7.7,9.24,46.8,3,5,2,Medium,18737.106666666667,0.1333333333333333,1.0,0.75,2.025,2498.280888888889,24
PRJ-00034,Commercial,South,99458.72,102343.44,2.9,52,54,4.36,6,26.9,5,8,5.0,1,0,0.0,-9.02,0.0,7,1,0,Low,16576.453333333335,0.1153846153846153,1.3333333333333333,1.0,5.38,1912.6676923076925,30
PRJ-00790,Industrial,Central,334134.14,356224.43,6.61,65,76,16.51,8,19.1,5,6,4.0,1,1,8.63,7.32,53.9,2,2,2,Low,41766.7675,0.123076923076923,0.75,0.8,3.82,5140.525230769231,40
PRJ-00449,Residential,South,339451.73,401437.59,18.26,64,81,26.64,8,14.4,7,6,4.0,0,4,6.67,9.48,47.9,8,4,2,Medium,42431.46625,0.125,0.75,0.5714285714285714,2.0571428571428574,5303.93328125,56
PRJ-00446,Infrastructure,East,480085.75,540251.78,12.53,69,85,23.03,8,24.1,6,4,0.0,0,2,2.69,7.96,21.3,10,2,2,Low,60010.71875,0.1159420289855072,0.5,0.0,4.016666666666667,6957.764492753623,48
PRJ-00847,Commercial,West,531913.42,661136.62,24.29,60,74,23.4,10,5.8,6,14,5.0,4,4,6.14,10.64,55.9,3,4,2,Medium,53191.342,0.1666666666666666,1.4,0.8333333333333334,0.9666666666666668,8865.223666666667,60
PRJ-00719,Industrial,North,457180.1,527788.52,15.44,71,87,22.52,11,9.2,6,8,7.0,0,5,4.44,9.27,26.1,4,3,2,Medium,41561.82727272727,0.1549295774647887,0.7272727272727273,1.1666666666666667,1.5333333333333332,6439.156338028169,66
PRJ-01156,Residential,East,441967.77,530208.35,19.97,80,91,13.19,8,11.0,6,9,2.0,2,2,9.42,18.35,20.9,3,5,1,Medium,55245.97125,0.1,1.125,0.3333333333333333,1.8333333333333333,5524.597125,48
PRJ-00078,Industrial,North,744743.74,872584.47,17.17,99,115,16.56,15,9.9,7,6,2.0,2,1,10.93,10.55,54.7,5,2,0,Medium,49649.58266666667,0.1515151515151515,0.4,0.2857142857142857,1.4142857142857144,7522.66404040404,105
PRJ-00085,Residential,South,446809.21,505400.49,13.11,89,117,31.28,10,6.3,3,6,6.0,1,3,7.58,14.28,62.7,1,1,1,Medium,44680.921,0.1123595505617977,0.6,2.0,2.1,5020.328202247191,30
PRJ-01082,Renovation,South,1298480.82,1693974.25,30.46,103,130,26.06,23,13.1,2,7,4.0,1,2,3.74,2.48,67.1,7,3,2,Medium,56455.68782608696,0.2233009708737864,0.3043478260869565,2.0,6.55,12606.609902912622,46
PRJ-00083,Infrastructure,North,196688.6,237849.34,20.93,70,93,33.31,7,14.5,3,4,3.0,0,2,3.14,6.31,2.5,10,2,1,Medium,28098.37142857143,0.1,0.5714285714285714,1.0,4.833333333333333,2809.837142857143,21
PRJ-00458,Commercial,West,202850.69,230691.83,13.72,78,99,26.85,7,7.8,6,6,3.0,3,1,4.8,14.79,42.3,4,2,3,Medium,28978.67,0.0897435897435897,0.8571428571428571,0.5,1.3,2600.649871794872,42
PRJ-00758,Renovation,Central,494531.44,559523.95,13.14,91,123,35.12,9,13.1,7,6,4.0,4,6,7.11,17.51,77.9,5,2,1,Medium,54947.93777777778,0.0989010989010989,0.6666666666666666,0.5714285714285714,1.871428571428572,5434.411428571429,63
PRJ-00437,Residential,Central,457313.74,537402.79,17.51,83,98,18.66,11,20.5,4,8,6.0,1,7,4.53,5.18,63.5,5,6,1,Medium,41573.97636363637,0.1325301204819277,0.7272727272727273,1.5,5.125,5509.804096385542,44
PRJ-01079,Industrial,East,401603.13,479885.71,19.49,62,77,24.02,8,11.0,7,10,0.0,2,2,6.43,-4.41,31.2,4,1,0,Medium,50200.39125,0.1290322580645161,1.25,0.0,1.5714285714285714,6477.469838709678,56
PRJ-00917,Residential,West,684660.52,753490.55,10.05,62,75,20.74,12,14.2,3,6,3.0,1,3,1.19,0.42,20.7,3,2,0,Low,57055.043333333335,0.1935483870967742,0.5,1.0,4.733333333333333,11042.911612903226,36
PRJ-00405,Renovation,North,189177.66,228940.84,21.02,77,92,19.26,7,,4,4,3.0,1,0,3.87,6.09,55.2,2,1,0,Medium,27025.38,0.0909090909090909,0.5714285714285714,0.75,,2456.8527272727274,28
PRJ-01059,Industrial,Central,273284.86,277626.65,1.59,59,74,25.94,7,12.4,5,4,1.0,1,6,1.58,5.9,35.1,5,1,0,Low,39040.694285714286,0.1186440677966101,0.5714285714285714,0.2,2.48,4631.946779661017,35
PRJ-00627,Infrastructure,North,277808.47,354091.01,27.46,55,68,23.73,8,10.8,6,10,3.0,3,6,3.54,7.42,64.8,12,5,1,Medium,34726.05875,0.1454545454545454,1.25,0.5,1.8,5051.0630909090905,48
PRJ-00669,Commercial,North,1227402.06,1526667.16,24.38,92,102,10.87,15,8.6,4,8,2.0,2,4,8.08,3.69,51.1,4,0,1,Medium,81826.804,0.1630434782608695,0.5333333333333333,0.5,2.15,13341.326739130436,60
PRJ-00105,Infrastructure,North,166683.23,205017.31,23.0,81,103,27.64,7,11.4,3,6,3.0,2,2,3.59,9.32,34.3,8,4,1,Medium,23811.890000000003,0.0864197530864197,0.8571428571428571,1.0,3.8,2057.817654320988,21
PRJ-00555,Residential,South,568818.91,753253.68,32.42,55,74,33.9,11,4.8,3,6,1.0,2,6,7.91,7.1,65.1,3,4,2,High,51710.810000000005,0.2,0.5454545454545454,0.3333333333333333,1.6,10342.162,33
PRJ-01151,Residential,East,450464.05,568468.45,26.2,73,88,20.27,10,8.8,7,6,5.0,1,5,4.31,13.31,70.1,4,1,0,Medium,45046.405,0.136986301369863,0.6,0.7142857142857143,1.2571428571428571,6170.740410958904,70
PRJ-00063,Industrial,East,349848.12,428657.83,22.53,66,84,27.97,8,17.4,4,7,4.0,1,3,6.17,9.27,43.0,1,3,1,Medium,43731.015,0.1212121212121212,0.875,1.0,4.35,5300.729090909091,32
PRJ-00282,Residential,North,180894.98,189107.89,4.54,47,52,10.33,7,18.9,8,7,6.0,2,1,0.0,13.07,14.6,6,4,0,Low,25842.140000000003,0.1489361702127659,1.0,0.75,2.3625,3848.829361702128,56
PRJ-00683,Residential,South,393657.85,455444.16,15.7,77,76,-1.78,8,26.6,7,6,4.0,1,1,1.36,3.96,12.5,2,5,2,Low,49207.23125,0.1038961038961039,0.75,0.5714285714285714,3.8,5112.43961038961,56
PRJ-00239,Residential,North,629581.03,709400.41,12.68,74,79,7.25,14,10.7,2,6,1.0,1,2,5.29,7.47,21.8,1,1,2,Low,44970.07357142858,0.1891891891891892,0.4285714285714285,0.5,5.35,8507.851756756758,28
PRJ-00224,Renovation,Central,515845.49,644120.89,24.87,89,118,32.44,10,14.7,4,5,5.0,1,4,7.76,14.78,55.2,1,1,1,Medium,51584.549,0.1123595505617977,0.5,1.25,3.675,5796.016741573034,40
PRJ-00146,Residential,South,761193.78,955274.81,25.5,101,117,16.09,11,8.1,6,9,1.0,0,1,5.0,9.98,34.7,3,3,2,Medium,69199.43454545455,0.1089108910891089,0.8181818181818182,0.1666666666666666,1.35,7536.572079207921,66
PRJ-01133,Residential,North,328010.77,383889.16,17.04,50,58,16.63,8,22.3,3,6,4.0,0,1,3.29,6.02,26.4,7,3,0,Low,41001.34625,0.16,0.75,1.3333333333333333,7.433333333333334,6560.2154,24
PRJ-00374,Commercial,West,483207.63,606207.79,25.45,80,98,21.99,9,16.5,6,6,3.0,2,2,8.39,15.07,48.5,6,5,1,Medium,53689.73666666666,0.1125,0.6666666666666666,0.5,2.75,6040.095375,54
PRJ-00119,Commercial,North,85343.9,101254.91,18.64,46,58,26.95,6,10.8,3,4,3.0,0,3,6.33,17.7,39.2,8,4,0,Medium,14223.983333333332,0.1304347826086956,0.6666666666666666,1.0,3.6,1855.302173913044,18
PRJ-00826,Residential,West,409108.64,469117.76,14.67,67,87,30.26,8,8.1,5,4,1.0,3,3,9.25,12.74,62.0,6,4,3,Medium,51138.58,0.1194029850746268,0.5,0.2,1.62,6106.099104477612,40
PRJ-00251,Industrial,Central,162781.16,177772.29,9.21,76,86,12.85,7,29.9,5,2,7.0,2,4,0.63,12.24,4.3,7,2,1,Low,23254.45142857143,0.0921052631578947,0.2857142857142857,1.4,5.98,2141.857368421053,35
PRJ-01171,Commercial,West,567580.44,611609.95,7.76,74,84,12.97,10,8.5,3,8,3.0,1,1,9.89,9.57,29.0,8,1,0,Low,56758.044,0.1351351351351351,0.8,1.0,2.833333333333333,7670.005945945945,30
PRJ-00010,Commercial,North,147997.91,136158.08,-8.0,82,87,6.25,6,20.5,1,2,2.0,0,0,2.68,-11.16,8.2,3,2,0,Low,24666.318333333333,0.073170731707317,0.3333333333333333,2.0,20.5,1804.852560975609,6
PRJ-00450,Industrial,South,293449.08,351531.17,19.79,69,84,21.54,8,8.6,6,4,1.0,7,2,10.1,11.88,51.3,3,2,1,Medium,36681.135,0.1159420289855072,0.5,0.1666666666666666,1.4333333333333331,4252.885217391305,48
PRJ-00900,Commercial,Central,563175.46,762190.28,35.34,61,76,25.33,11,3.9,5,6,1.0,4,4,7.07,20.02,37.3,4,2,0,High,51197.76909090909,0.180327868852459,0.5454545454545454,0.2,0.78,9232.384590163934,55
PRJ-00390,Infrastructure,Central,189394.62,197006.26,4.02,57,72,25.68,7,27.5,7,8,3.0,4,3,6.9,1.51,32.6,4,6,1,Medium,27056.37428571429,0.1228070175438596,1.1428571428571428,0.4285714285714285,3.928571428571429,3322.712631578948,49
PRJ-00645,Industrial,North,1068933.29,1329292.02,24.36,90,116,29.41,17,10.2,5,6,0.0,2,3,7.97,14.62,46.4,4,5,1,Medium,62878.428823529415,0.1888888888888888,0.3529411764705882,0.0,2.04,11877.036555555556,85
PRJ-00928,Infrastructure,South,116193.8,123552.69,6.33,80,92,14.96,6,14.6,7,6,6.0,2,2,11.04,,45.8,8,2,1,Low,19365.63333333333,0.075,1.0,0.8571428571428571,2.085714285714286,1452.4225,42
PRJ-00461,Industrial,North,405037.04,499280.68,23.27,80,100,24.61,9,11.0,7,8,4.0,3,6,9.8,15.89,65.1,6,4,0,Medium,45004.11555555555,0.1125,0.8888888888888888,0.5714285714285714,1.5714285714285714,5062.963,63
PRJ-01119,Residential,West,58774.02,63761.4,8.49,57,64,12.07,6,24.1,9,10,5.0,1,1,3.38,2.86,28.3,5,4,0,Low,9795.67,0.1052631578947368,1.6666666666666667,0.5555555555555556,2.677777777777778,1031.1231578947368,54
PRJ-00145,Commercial,Central,1160282.52,1467198.67,26.45,93,125,34.72,16,8.1,8,11,5.0,2,7,13.5,20.67,44.1,5,0,2,High,72517.6575,0.1720430107526881,0.6875,0.625,1.0125,12476.15612903226,128
PRJ-00502,Renovation,Central,1174235.38,1326482.54,12.97,67,89,32.81,20,17.6,7,8,2.0,1,2,3.23,9.85,35.2,4,1,0,Medium,58711.76899999999,0.2985074626865671,0.4,0.2857142857142857,2.5142857142857147,17525.901194029848,140
PRJ-01122,Residential,South,209366.74,253930.58,21.29,47,62,32.82,7,13.8,9,8,6.0,4,9,3.66,10.35,66.2,5,1,1,Medium,29909.53428571429,0.1489361702127659,1.1428571428571428,0.6666666666666666,1.5333333333333334,4454.611489361702,63
PRJ-00540,Infrastructure,North,4480591.8,6289552.67,40.37,215,323,50.06,48,,5,6,4.0,2,5,13.52,14.79,115.6,7,2,2,High,93345.6625,0.2232558139534883,0.125,0.8,,20839.961860465115,240
PRJ-00178,Renovation,East,131256.77,146282.7,11.45,79,87,9.8,6,13.4,7,8,1.0,2,3,4.34,2.57,26.3,4,1,0,Low,21876.12833333333,0.0759493670886076,1.3333333333333333,0.1428571428571428,1.9142857142857144,1661.4781012658227,42
PRJ-01173,Residential,West,334209.9,349463.21,4.56,84,97,15.52,8,15.3,5,6,3.0,0,5,3.45,12.22,45.0,8,1,1,Low,41776.2375,0.0952380952380952,0.75,0.6,3.06,3978.689285714286,40
PRJ-00603,Renovation,Central,1819736.44,2106678.51,15.77,114,148,29.75,22,13.8,3,8,3.0,4,6,8.46,14.56,47.6,3,1,3,Medium,82715.29272727272,0.1929824561403508,0.3636363636363636,1.0,4.6000000000000005,15962.600350877192,66
PRJ-00008,Infrastructure,West,171665.22,196938.12,14.72,55,69,25.68,7,10.0,4,6,3.0,4,3,1.1,15.12,3.5,8,3,2,Medium,24523.60285714285,0.1272727272727272,0.8571428571428571,0.75,2.5,3121.1858181818184,28
PRJ-00844,Commercial,East,271195.56,313695.51,15.67,71,77,8.1,7,23.1,6,8,3.0,0,4,2.55,-5.02,13.5,4,2,0,Low,38742.22285714286,0.0985915492957746,1.1428571428571428,0.5,3.85,3819.655774647888,42
PRJ-00869,Residential,North,384761.98,514699.31,33.77,70,108,54.44,8,14.2,7,12,1.0,1,6,11.92,15.35,69.5,7,1,2,High,48095.2475,0.1142857142857142,1.5,0.1428571428571428,2.0285714285714285,5496.599714285714,56
PRJ-00358,Infrastructure,West,687244.6,777335.8,13.11,96,120,24.97,14,18.0,6,7,3.0,0,3,5.62,10.71,38.0,11,4,0,Low,49088.9,0.1458333333333333,0.5,0.5,3.0,7158.797916666666,84
PRJ-00330,Commercial,East,406054.55,500700.59,23.31,70,101,44.42,8,6.5,6,7,1.0,1,1,7.54,10.13,67.8,3,5,2,Medium,50756.81875,0.1142857142857142,0.875,0.1666666666666666,1.0833333333333333,5800.779285714286,48
PRJ-01109,Renovation,North,142679.45,175201.79,22.79,64,84,30.87,6,7.1,7,8,2.0,1,3,3.87,5.64,47.4,7,2,3,Medium,23779.908333333336,0.09375,1.3333333333333333,0.2857142857142857,1.0142857142857142,2229.36640625,42
PRJ-00886,Commercial,East,184894.61,215563.68,16.59,65,89,36.39,6,9.6,8,7,6.0,2,4,10.99,20.38,37.2,3,4,2,Medium,30815.76833333333,0.0923076923076923,1.1666666666666667,0.75,1.2,2844.532461538461,48
PRJ-00259,Residential,West,510613.39,632893.39,23.95,55,76,37.42,9,14.6,8,9,5.0,1,3,5.51,9.25,50.6,1,4,2,Medium,56734.82111111112,0.1636363636363636,1.0,0.625,1.825,9283.879818181818,72
PRJ-00894,Residential,South,170817.66,216940.57,27.0,70,89,27.41,6,13.0,6,7,4.0,1,5,4.91,11.98,36.6,6,2,0,Medium,28469.61,0.0857142857142857,1.1666666666666667,0.6666666666666666,2.1666666666666665,2440.252285714286,36
PRJ-00918,Residential,South,356590.93,437546.3,22.7,56,74,32.01,8,7.0,9,8,3.0,3,2,9.21,10.99,69.3,4,4,2,Medium,44573.86625,0.1428571428571428,1.0,0.3333333333333333,0.7777777777777778,6367.695178571428,72
PRJ-00797,Residential,South,67742.87,82142.05,21.26,66,78,17.79,6,12.0,1,4,1.0,2,0,5.74,11.97,47.6,1,1,0,Medium,11290.478333333333,0.0909090909090909,0.6666666666666666,1.0,12.0,1026.4071212121212,6
PRJ-00827,Industrial,East,600686.06,731171.91,21.72,64,77,19.74,11,11.8,6,7,3.0,0,2,3.38,18.93,44.6,3,7,0,Medium,54607.82363636364,0.171875,0.6363636363636364,0.5,1.9666666666666668,9385.7196875,66
PRJ-00853,Infrastructure,North,133547.23,143430.48,7.4,80,95,18.37,6,11.4,3,4,1.0,1,2,6.33,3.23,34.9,9,2,0,Low,22257.87166666667,0.075,0.6666666666666666,0.3333333333333333,3.8,1669.3403750000002,18
PRJ-00526,Commercial,North,1195944.06,1382746.54,15.62,108,138,27.85,14,6.3,7,8,6.0,3,2,10.04,17.43,77.7,6,2,2,Medium,85424.57571428572,0.1296296296296296,0.5714285714285714,0.8571428571428571,0.9,11073.556111111113,98
PRJ-00837,Infrastructure,South,840454.15,939751.49,11.81,57,60,5.32,11,,6,6,3.0,2,3,3.33,-0.67,43.0,11,2,0,Low,76404.92272727273,0.1929824561403508,0.5454545454545454,0.5,,14744.809649122808,66
PRJ-00679,Residential,South,186799.21,216912.33,16.12,72,82,13.75,7,6.9,4,8,2.0,1,1,0.0,-3.76,2.6,3,3,0,Low,26685.601428571423,0.0972222222222222,1.1428571428571428,0.5,1.725,2594.433472222222,28
PRJ-00773,Industrial,East,271635.11,290537.59,6.96,78,83,6.99,8,24.7,6,8,0.0,1,2,4.22,0.69,3.4,7,2,2,Low,33954.38875,0.1025641025641025,1.0,0.0,4.116666666666666,3482.50141025641,48
PRJ-01180,Residential,North,90195.45,106722.56,18.32,71,85,19.57,6,4.3,1,4,3.0,1,1,3.64,7.04,51.0,4,3,0,Medium,15032.575,0.0845070422535211,0.6666666666666666,3.0,4.3,1270.358450704225,6
PRJ-00441,Infrastructure,East,448052.13,539199.03,20.34,83,113,35.97,9,1.8,3,4,3.0,1,4,3.89,16.69,48.7,3,8,3,Medium,49783.57,0.108433734939759,0.4444444444444444,1.0,0.6,5398.21843373494,27
PRJ-00532,Infrastructure,West,1060133.82,1273228.54,20.1,85,106,25.18,15,16.3,7,8,5.0,3,6,3.14,8.42,32.3,15,2,0,Medium,70675.588,0.1764705882352941,0.5333333333333333,0.7142857142857143,2.3285714285714287,12472.162588235296,105
PRJ-00989,Commercial,South,1256805.27,1578856.55,25.62,65,79,21.87,22,13.9,6,8,0.0,1,3,7.35,15.37,63.6,3,3,2,Medium,57127.51227272728,0.3384615384615385,0.3636363636363636,0.0,2.316666666666667,19335.46569230769,132
PRJ-00229,Industrial,West,340820.75,358637.77,5.23,68,74,9.44,9,18.7,7,4,1.0,3,2,1.88,-0.17,50.0,6,2,0,Low,37868.97222222222,0.1323529411764706,0.4444444444444444,0.1428571428571428,2.671428571428572,5012.069852941177,63
PRJ-01055,Commercial,Central,318702.84,367122.13,15.19,66,80,21.97,9,22.5,6,7,1.0,0,3,3.5,1.92,36.1,3,1,1,Low,35411.426666666666,0.1363636363636363,0.7777777777777778,0.1666666666666666,3.75,4828.83090909091,54
PRJ-00213,Residential,North,906086.11,1002480.71,10.64,71,83,16.71,12,11.9,6,3,2.0,1,3,3.47,11.24,18.1,7,3,0,Low,75507.17583333333,0.1690140845070422,0.25,0.3333333333333333,1.9833333333333327,12761.7761971831,72
PRJ-00080,Infrastructure,North,539083.87,653773.47,21.27,79,110,39.28,8,7.3,5,6,2.0,2,2,0.02,10.78,46.8,12,4,3,Medium,67385.48375,0.1012658227848101,0.75,0.4,1.46,6823.846455696203,40
PRJ-00149,Commercial,East,155621.06,152993.41,-1.69,82,89,8.15,6,17.3,1,4,4.0,1,1,0.0,1.36,0.0,4,3,0,Low,25936.84333333333,0.073170731707317,0.6666666666666666,4.0,17.3,1897.8178048780487,6
PRJ-00611,Industrial,South,312072.51,421069.77,34.93,50,66,32.46,9,3.2,6,5,0.0,3,7,6.28,12.04,56.1,8,4,0,High,34674.723333333335,0.18,0.5555555555555556,0.0,0.5333333333333333,6241.4502,54
PRJ-00729,Commercial,East,399156.98,463220.0,16.05,80,110,37.52,11,7.0,4,8,4.0,1,1,8.74,21.7,57.5,7,4,2,Medium,36286.99818181818,0.1375,0.7272727272727273,1.0,1.75,4989.46225,44
PRJ-00937,Renovation,East,318333.51,377217.75,18.5,53,68,28.55,9,16.1,8,7,3.0,2,3,1.82,11.44,64.1,6,3,0,Medium,35370.39,0.1698113207547169,0.7777777777777778,0.375,2.0125,6006.292641509434,72
PRJ-00134,Commercial,North,1112434.49,1388617.24,24.83,108,136,26.23,16,13.8,6,9,4.0,1,2,5.96,2.18,23.1,3,2,1,Medium,69527.155625,0.1481481481481481,0.5625,0.6666666666666666,2.3000000000000003,10300.319351851853,96
PRJ-00804,Industrial,North,611127.44,895662.6,46.56,94,130,38.74,12,6.1,7,10,5.0,1,4,8.34,9.71,69.2,2,2,1,High,50927.28666666666,0.1276595744680851,0.8333333333333334,0.7142857142857143,0.8714285714285713,6501.355744680851,84
PRJ-00409,Residential,West,1359313.4,1762188.2,29.64,79,107,35.21,16,13.7,5,10,7.0,0,3,9.63,14.28,60.4,5,5,0,Medium,84957.0875,0.2025316455696202,0.625,1.4,2.74,17206.498734177214,80
PRJ-00693,Residential,West,924671.44,1060748.44,14.72,97,113,16.32,15,14.7,6,8,2.0,2,3,9.12,2.34,55.6,4,7,2,Medium,61644.76266666666,0.1546391752577319,0.5333333333333333,0.3333333333333333,2.45,9532.69525773196,90
PRJ-00508,Infrastructure,Central,680001.07,797523.45,17.28,75,86,14.82,11,20.0,6,7,7.0,1,3,3.01,6.95,45.2,9,2,0,Low,61818.27909090908,0.1466666666666666,0.6363636363636364,1.1666666666666667,3.333333333333333,9066.680933333331,66
PRJ-00903,Residential,West,663201.27,797631.91,20.27,91,110,20.38,10,10.7,5,6,5.0,1,2,5.17,-2.34,50.0,2,2,1,Medium,66320.12700000001,0.1098901098901098,0.6,1.0,2.14,7287.926043956044,50
PRJ-00505,Commercial,West,218315.97,231516.69,6.05,65,68,4.51,7,17.7,2,4,1.0,3,2,1.49,,25.6,6,2,0,Low,31187.99571428572,0.1076923076923077,0.5714285714285714,0.5,8.85,3358.7072307692306,14
PRJ-00695,Renovation,Central,307784.02,363752.51,18.18,66,89,34.41,8,9.5,8,6,5.0,1,2,6.63,2.13,44.9,4,4,0,Medium,38473.0025,0.1212121212121212,0.75,0.625,1.1875,4663.394242424242,64
PRJ-00348,Residential,Central,343963.51,396236.15,15.2,83,101,21.54,8,6.3,4,4,4.0,0,3,0.0,6.52,31.0,3,4,0,Low,42995.43875,0.0963855421686747,0.5,1.0,1.575,4144.138674698796,32
PRJ-00387,Infrastructure,South,630844.0,689286.72,9.26,59,74,25.34,10,5.9,10,8,6.0,0,4,6.76,,36.4,8,1,2,Low,63084.4,0.1694915254237288,0.8,0.6,0.5900000000000001,10692.271186440676,100
PRJ-00001,Infrastructure,North,3405423.22,4177210.59,22.66,111,145,30.21,49,13.4,6,8,5.0,2,2,10.45,13.84,83.7,7,2,1,Medium,69498.4330612245,0.4414414414414414,0.1632653061224489,0.8333333333333334,2.2333333333333334,30679.48846846847,294
PRJ-00361,Renovation,North,487370.92,569082.13,16.77,80,95,19.34,11,10.2,6,4,1.0,0,5,9.17,6.89,59.6,7,0,1,Medium,44306.44727272727,0.1375,0.3636363636363636,0.1666666666666666,1.7,6092.1365,66
PRJ-01148,Infrastructure,Central,306199.1,353144.46,15.33,87,123,41.66,7,6.3,1,4,4.0,3,2,1.84,15.07,59.3,7,4,1,Medium,43742.72857142857,0.0804597701149425,0.5714285714285714,4.0,6.3,3519.529885057471,7
PRJ-00476,Commercial,East,138938.03,164737.94,18.57,60,74,24.14,7,6.8,2,6,5.0,2,2,3.78,12.36,64.3,4,3,1,Medium,19848.29,0.1166666666666666,0.8571428571428571,2.5,3.4,2315.6338333333333,14
PRJ-00799,Infrastructure,Central,314256.79,338153.91,7.6,49,62,26.77,8,17.8,9,4,7.0,1,3,10.03,8.66,55.5,9,2,0,Medium,39282.09875,0.1632653061224489,0.5,0.7777777777777778,1.9777777777777776,6413.40387755102,72
PRJ-00775,Residential,Central,720698.21,945753.43,31.23,67,88,31.37,13,9.2,3,6,,3,2,7.12,4.7,44.7,4,3,2,Medium,55438.32384615384,0.1940298507462686,0.4615384615384615,,3.0666666666666664,10756.689701492536,39
PRJ-00173,Residential,West,855280.73,1051197.86,22.91,61,77,26.22,15,8.8,5,8,0.0,1,2,8.4,17.53,47.4,5,1,1,Medium,57018.71533333333,0.2459016393442623,0.5333333333333333,0.0,1.7600000000000002,14020.995573770491,75
PRJ-00451,Residential,North,655982.97,735764.85,12.16,73,91,25.01,10,16.6,7,6,1.0,1,3,3.97,5.89,26.9,4,2,0,Medium,65598.29699999999,0.136986301369863,0.6,0.1428571428571428,2.3714285714285714,8986.068082191781,70
PRJ-00126,Commercial,South,293276.47,333458.07,13.7,47,61,30.46,7,24.1,6,7,3.0,0,9,6.29,16.32,31.3,3,2,1,Medium,41896.63857142856,0.1489361702127659,1.0,0.5,4.016666666666667,6239.924893617021,42
PRJ-01041,Residential,Central,350891.0,390284.84,11.23,80,95,18.82,7,6.7,5,6,0.0,5,2,8.49,7.16,14.6,6,3,1,Medium,50127.28571428572,0.0875,0.8571428571428571,0.0,1.34,4386.1375,35
PRJ-00531,Industrial,North,3435549.37,4199386.14,22.23,168,206,22.91,41,22.6,9,8,4.0,2,7,4.65,10.05,40.0,4,2,1,Medium,83793.88707317073,0.244047619047619,0.1951219512195122,0.4444444444444444,2.511111111111111,20449.69863095238,369
PRJ-00091,Residential,South,161704.32,203858.21,26.07,69,92,33.01,7,6.7,5,4,3.0,4,2,6.09,8.79,69.8,2,2,5,Medium,23100.617142857143,0.1014492753623188,0.5714285714285714,0.6,1.34,2343.5408695652177,35
PRJ-01176,Infrastructure,West,1277437.11,1429716.47,11.92,75,99,31.57,20,6.9,4,9,4.0,1,1,2.0,7.37,70.5,8,5,2,Medium,63871.855500000005,0.2666666666666666,0.45,1.0,1.725,17032.4948,80
PRJ-00182,Renovation,East,240494.68,301871.39,25.52,46,61,32.47,8,11.0,5,4,4.0,3,4,0.68,9.63,54.1,4,1,0,Medium,30061.835,0.1739130434782608,0.5,0.8,2.2,5228.145217391304,40
PRJ-00680,Commercial,East,182628.31,226589.91,24.07,47,63,34.88,7,,5,8,2.0,2,7,5.32,4.45,46.2,2,3,2,Medium,26089.75857142857,0.1489361702127659,1.1428571428571428,0.4,,3885.708723404255,35
PRJ-00415,Residential,North,167740.78,210088.6,25.25,68,89,31.09,6,16.1,7,6,4.0,2,4,5.18,8.75,55.4,6,2,2,Medium,27956.796666666665,0.088235294117647,1.0,0.5714285714285714,2.3000000000000003,2466.7761764705883,42
PRJ-00252,Infrastructure,Central,1289681.31,1560399.14,20.99,90,115,27.9,18,7.1,5,4,5.0,3,2,6.41,12.86,44.6,15,4,2,Medium,71648.96166666667,0.2,0.2222222222222222,1.0,1.42,14329.792333333337,90
PRJ-00070,Commercial,South,959796.67,1200538.3,25.08,81,104,28.27,17,6.4,4,5,2.0,0,2,7.07,12.91,49.8,5,4,0,Medium,56458.62764705883,0.2098765432098765,0.2941176470588235,0.5,1.6,11849.341604938272,68
PRJ-00132,Renovation,Central,108544.7,121998.16,12.39,46,50,9.63,6,8.0,3,4,3.0,2,3,4.02,-0.34,27.8,4,2,1,Low,18090.783333333333,0.1304347826086956,0.6666666666666666,1.0,2.6666666666666665,2359.667391304348,18
PRJ-00301,Infrastructure,Central,86751.94,107708.99,24.16,75,91,21.51,6,14.7,2,6,3.0,1,2,0.54,-0.89,25.8,8,3,0,Medium,14458.656666666668,0.08,1.0,1.5,7.35,1156.6925333333334,12
PRJ-00327,Infrastructure,North,510223.04,605004.73,18.58,56,67,19.02,11,18.2,3,4,7.0,6,4,1.99,6.19,43.8,11,2,1,Medium,46383.91272727273,0.1964285714285714,0.3636363636363636,2.333333333333333,6.066666666666666,9111.125714285714,33
PRJ-01189,Residential,West,542773.03,668490.04,23.16,56,68,20.84,9,28.5,5,6,3.0,0,3,5.36,-1.03,55.6,3,3,1,Medium,60308.11444444445,0.1607142857142857,0.6666666666666666,0.6,5.7,9692.375535714284,45
PRJ-00500,Commercial,South,596476.99,740094.69,24.08,75,92,22.92,9,5.6,6,8,5.0,1,2,6.03,9.06,55.3,4,1,2,Medium,66275.22111111111,0.12,0.8888888888888888,0.8333333333333334,0.9333333333333332,7953.026533333334,54
PRJ-00890,Industrial,North,1936356.52,2091228.69,8.0,100,116,15.76,18,17.5,3,6,1.0,6,4,3.85,13.51,86.8,7,2,2,Medium,107575.36222222222,0.18,0.3333333333333333,0.3333333333333333,5.833333333333333,19363.5652,54
PRJ-00946,Residential,West,938313.41,1138996.44,21.39,105,131,24.54,16,12.5,6,7,6.0,1,4,4.52,5.93,55.6,5,4,0,Medium,58644.588125,0.1523809523809524,0.4375,1.0,2.083333333333333,8936.318190476191,96
PRJ-00496,Industrial,East,812304.21,1068685.52,31.56,80,107,33.55,13,19.7,6,5,2.0,2,2,7.13,4.07,53.4,3,2,1,Medium,62484.939230769225,0.1625,0.3846153846153846,0.3333333333333333,3.283333333333333,10153.802625,78
PRJ-00339,Residential,East,896469.76,993202.17,10.79,86,103,19.94,16,20.3,6,4,2.0,1,2,5.73,-0.21,24.7,1,2,0,Low,56029.36,0.1860465116279069,0.25,0.3333333333333333,3.3833333333333333,10424.066976744189,96
PRJ-00993,Infrastructure,West,868731.17,964135.69,10.98,79,99,25.41,10,9.6,5,8,3.0,1,3,5.75,7.93,21.1,3,4,3,Medium,86873.117,0.1265822784810126,0.8,0.6,1.92,10996.597088607596,50
PRJ-00165,Industrial,East,1114833.0,1542024.68,38.32,76,103,34.97,17,8.4,5,6,1.0,3,2,7.13,10.19,47.8,0,3,2,High,65578.41176470589,0.2236842105263158,0.3529411764705882,0.2,1.6800000000000002,14668.855263157897,85
PRJ-00029,Residential,West,1317959.58,1522622.57,15.53,107,135,26.01,19,16.8,5,10,1.0,1,0,6.81,17.27,67.0,7,4,1,Medium,69366.29368421053,0.1775700934579439,0.5263157894736842,0.2,3.3600000000000003,12317.37925233645,95
PRJ-00517,Commercial,West,1002045.5,1318457.57,31.58,86,125,44.98,13,10.3,8,7,4.0,0,2,9.24,,71.2,3,3,4,Medium,77080.42307692308,0.1511627906976744,0.5384615384615384,0.5,1.2875,11651.691860465116,104
PRJ-00194,Infrastructure,North,465454.86,583188.62,25.29,62,79,26.63,8,9.0,4,3,3.0,3,2,4.01,14.29,93.4,9,5,1,Medium,58181.8575,0.1290322580645161,0.375,0.75,2.25,7507.336451612903,32
PRJ-01086,Infrastructure,North,745907.12,886932.04,18.91,70,92,31.76,12,7.0,6,10,2.0,0,5,6.53,,34.7,10,4,1,Medium,62158.926666666666,0.1714285714285714,0.8333333333333334,0.3333333333333333,1.1666666666666667,10655.816,72
PRJ-00970,Residential,North,195961.45,221934.59,13.25,55,63,15.14,8,18.3,5,8,2.0,1,3,0.0,5.43,21.5,2,0,2,Low,24495.18125,0.1454545454545454,1.0,0.4,3.66,3562.935454545455,40
PRJ-00170,Renovation,Central,261763.43,291582.4,11.39,72,83,15.81,7,11.0,3,8,3.0,2,2,3.12,12.36,55.6,2,3,1,Low,37394.77571428572,0.0972222222222222,1.1428571428571428,1.0,3.6666666666666665,3635.603194444445,21
PRJ-00731,Commercial,South,948998.85,1184920.31,24.86,75,101,34.41,12,8.6,7,8,1.0,2,5,5.01,14.04,52.8,3,3,0,Medium,79083.2375,0.16,0.6666666666666666,0.1428571428571428,1.2285714285714284,12653.318,84
PRJ-00174,Renovation,South,94160.4,101133.88,7.41,49,61,24.44,6,15.5,5,6,7.0,0,2,3.58,10.6,19.8,3,3,0,Low,15693.4,0.1224489795918367,1.0,1.4,3.1,1921.6408163265305,30
PRJ-00519,Residential,Central,50000.0,62035.57,24.07,51,69,36.04,5,21.5,5,10,3.0,1,3,6.14,11.19,55.4,5,2,2,Medium,10000.0,0.0980392156862745,2.0,0.6,4.3,980.3921568627452,25
PRJ-00947,Infrastructure,West,1286618.8,1430392.7,11.17,72,88,21.58,19,14.8,4,7,3.0,1,2,0.37,7.25,26.4,2,0,1,Low,67716.77894736842,0.2638888888888889,0.3684210526315789,0.75,3.7,17869.705555555556,76
PRJ-00723,Residential,East,343842.24,379957.42,10.5,84,103,22.22,9,4.9,4,11,5.0,3,1,10.97,8.17,41.2,2,3,1,Medium,38204.69333333333,0.1071428571428571,1.2222222222222223,1.25,1.225,4093.36,36
PRJ-00492,Industrial,East,421159.12,507781.95,20.57,75,87,15.41,9,17.6,5,6,2.0,1,0,3.72,15.12,24.6,4,4,1,Low,46795.457777777774,0.12,0.6666666666666666,0.4,3.5200000000000005,5615.454933333333,45
PRJ-00074,Residential,South,866783.79,1028170.17,18.62,69,85,23.82,14,15.7,6,11,1.0,3,1,5.51,6.48,13.9,4,2,1,Medium,61913.12785714286,0.2028985507246377,0.7857142857142857,0.1666666666666666,2.6166666666666667,12562.08391304348,84
PRJ-01011,Industrial,North,2142283.34,2463959.0,15.02,104,127,22.4,29,12.0,7,10,5.0,1,7,0.0,13.02,54.0,3,3,0,Medium,73871.83931034482,0.2788461538461538,0.3448275862068966,0.7142857142857143,1.7142857142857142,20598.87826923077,203
PRJ-00588,Commercial,West,918559.66,980548.43,6.75,88,94,7.25,14,33.6,6,9,2.0,0,1,5.85,1.8,25.2,0,3,2,Low,65611.40428571429,0.1590909090909091,0.6428571428571429,0.3333333333333333,5.6000000000000005,10438.177954545456,84
PRJ-00235,Renovation,North,722729.96,934078.75,29.24,56,73,30.44,14,9.1,3,4,6.0,3,2,6.45,10.27,37.3,4,4,1,Medium,51623.56857142857,0.25,0.2857142857142857,2.0,3.033333333333333,12905.892142857145,42
PRJ-00215,Infrastructure,North,335699.75,362542.01,8.0,61,68,11.76,8,11.9,2,4,6.0,2,3,5.74,11.98,53.4,10,2,1,Low,41962.46875,0.1311475409836065,0.5,3.0,5.95,5503.274590163935,16
PRJ-01187,Commercial,East,339740.45,361965.18,6.54,62,70,12.33,9,18.4,3,4,7.0,0,2,6.15,-2.34,30.7,7,0,0,Low,37748.93888888889,0.1451612903225806,0.4444444444444444,2.333333333333333,6.133333333333333,5479.684677419356,27
PRJ-00133,Industrial,Central,721128.34,839293.58,16.39,57,65,13.52,11,23.2,5,8,1.0,0,2,5.44,3.46,27.1,7,2,1,Low,65557.12181818181,0.1929824561403508,0.7272727272727273,0.2,4.64,12651.374385964911,55
PRJ-00938,Residential,North,1558481.87,1834939.05,17.74,109,129,18.41,16,12.0,5,8,0.0,2,2,5.08,17.53,77.8,5,1,2,Medium,97405.116875,0.146788990825688,0.5,0.0,2.4,14297.99880733945,80
PRJ-00754,Commercial,West,257476.9,336033.13,30.51,76,98,29.34,8,10.3,8,8,7.0,2,2,6.15,19.43,21.2,4,1,1,Medium,32184.6125,0.1052631578947368,1.0,0.875,1.2875,3387.853947368421,64
PRJ-00969,Industrial,East,316906.06,400729.1,26.45,60,70,16.75,9,17.2,6,7,2.0,2,2,6.57,11.08,55.2,5,3,1,Medium,35211.78444444444,0.15,0.7777777777777778,0.3333333333333333,2.8666666666666667,5281.767666666667,54
PRJ-00186,Industrial,East,146513.96,169762.11,15.87,58,63,9.09,6,12.9,3,4,3.0,2,0,5.62,6.33,57.9,8,2,2,Low,24418.99333333333,0.1034482758620689,0.6666666666666666,1.0,4.3,2526.1027586206897,18
PRJ-00042,Infrastructure,North,266432.37,327079.04,22.76,63,90,43.08,8,7.6,8,7,2.0,2,9,10.73,10.19,53.1,5,1,1,High,33304.04625,0.1269841269841269,0.875,0.25,0.95,4229.085238095238,64
PRJ-00109,Residential,East,509665.32,532236.66,4.43,52,64,22.6,10,4.3,7,10,5.0,3,3,2.3,9.08,62.0,4,2,2,Low,50966.532,0.1923076923076923,1.0,0.7142857142857143,0.6142857142857142,9801.256153846154,70
PRJ-00874,Commercial,East,479807.92,600141.24,25.08,56,73,30.56,11,5.1,5,6,1.0,0,2,0.56,5.29,61.0,8,1,2,Medium,43618.90181818182,0.1964285714285714,0.5454545454545454,0.2,1.02,8567.99857142857,55
PRJ-00569,Commercial,West,704351.31,794414.95,12.79,58,69,19.11,15,6.6,6,12,2.0,3,1,1.16,10.46,33.0,5,3,3,Medium,46956.754,0.2586206896551724,0.8,0.3333333333333333,1.1,12143.988103448277,90
PRJ-00671,Residential,East,263243.93,339773.32,29.07,63,81,28.65,8,9.3,4,7,1.0,4,3,3.98,9.26,45.8,4,1,1,Medium,32905.49125,0.1269841269841269,0.875,0.25,2.325,4178.475079365079,32
PRJ-01028,Commercial,Central,625490.67,640963.06,2.47,77,88,13.84,10,9.1,2,4,5.0,0,2,0.57,8.05,20.3,8,0,0,Low,62549.067,0.1298701298701298,0.4,2.5,4.55,8123.255454545455,20
PRJ-01169,Infrastructure,West,993212.34,1326933.28,33.6,101,141,39.33,15,9.3,6,6,1.0,1,0,8.06,6.62,60.3,6,1,1,Medium,66214.156,0.1485148514851485,0.4,0.1666666666666666,1.55,9833.785544554456,90
PRJ-00484,Commercial,North,1337667.72,1573968.51,17.67,102,126,23.9,15,9.3,4,5,4.0,2,3,5.26,9.86,37.5,2,3,4,Medium,89177.848,0.1470588235294117,0.3333333333333333,1.0,2.325,13114.389411764703,60
PRJ-00469,Residential,Central,546269.94,717275.47,31.3,78,105,34.69,12,10.4,8,5,3.0,3,5,8.89,15.93,37.1,3,4,3,High,45522.495,0.1538461538461538,0.4166666666666667,0.375,1.3,7003.460769230768,96
PRJ-00025,Infrastructure,South,482094.36,537536.55,11.5,61,73,19.12,11,21.5,7,6,2.0,2,1,3.02,12.34,33.9,12,2,1,Low,43826.76,0.180327868852459,0.5454545454545454,0.2857142857142857,3.071428571428572,7903.186229508196,77
PRJ-01074,Renovation,Central,194132.63,215631.98,11.07,72,80,11.16,7,19.2,6,8,3.0,7,5,9.6,4.83,54.5,9,5,2,Medium,27733.23285714286,0.0972222222222222,1.1428571428571428,0.5,3.2,2696.286527777778,42
PRJ-00905,Renovation,North,235607.93,301809.24,28.1,82,102,24.71,8,5.0,6,6,1.0,1,2,2.7,10.19,34.7,6,1,0,Medium,29450.99125,0.0975609756097561,0.75,0.1666666666666666,0.8333333333333334,2873.26743902439,48
PRJ-00823,Commercial,West,1521349.17,1902937.91,25.08,108,129,19.23,24,7.3,1,6,4.0,4,5,9.35,16.86,43.6,2,5,2,Medium,63389.54875,0.2222222222222222,0.25,4.0,7.3,14086.566388888888,24
PRJ-01160,Infrastructure,East,1827260.23,2162135.75,18.33,130,167,28.1,19,8.8,3,6,4.0,1,2,9.29,5.03,51.5,6,2,0,Medium,96171.59105263156,0.1461538461538461,0.3157894736842105,1.3333333333333333,2.9333333333333336,14055.847923076924,57
PRJ-00367,Infrastructure,South,470195.64,583067.34,24.01,80,108,35.03,10,9.4,8,11,4.0,0,0,5.56,9.09,61.0,9,3,2,Medium,47019.564,0.125,1.1,0.5,1.175,5877.4455,80
PRJ-01036,Industrial,West,218116.23,272391.69,24.88,84,103,22.56,7,19.7,6,8,4.0,1,0,9.96,12.44,56.3,3,3,2,Medium,31159.46142857143,0.0833333333333333,1.1428571428571428,0.6666666666666666,3.283333333333333,2596.621785714286,42
PRJ-01067,Commercial,East,174890.99,208941.49,19.47,74,83,12.46,7,4.6,4,6,3.0,2,3,9.93,4.71,29.1,4,2,0,Medium,24984.42714285714,0.0945945945945946,0.8571428571428571,0.75,1.15,2363.3917567567564,28
PRJ-00384,Commercial,Central,406171.69,413871.41,1.9,70,76,8.29,8,23.4,5,8,1.0,0,2,2.1,-5.05,1.9,1,4,1,Low,50771.46125,0.1142857142857142,1.0,0.2,4.68,5802.452714285714,40
PRJ-00455,Residential,West,1068350.9,1405882.03,31.59,89,119,33.99,19,10.6,5,4,3.0,0,3,8.88,14.43,48.1,8,3,2,Medium,56228.9947368421,0.2134831460674157,0.2105263157894736,0.6,2.12,12003.942696629212,95
PRJ-00265,Renovation,South,217295.24,257960.98,18.71,63,77,21.71,7,3.3,6,9,2.0,1,2,11.14,11.49,61.1,5,3,3,Medium,31042.17714285714,0.1111111111111111,1.2857142857142858,0.3333333333333333,0.5499999999999999,3449.1307936507933,42
PRJ-00782,Renovation,North,769115.25,876624.66,13.98,86,111,29.33,14,6.2,5,6,5.0,4,3,6.93,19.31,44.9,4,2,1,Medium,54936.80357142857,0.1627906976744186,0.4285714285714285,1.0,1.24,8943.20058139535,70
PRJ-01010,Commercial,East,85886.74,97796.34,13.87,48,54,11.98,6,23.3,5,6,2.0,0,3,4.58,-2.14,16.8,4,5,1,Low,14314.456666666669,0.125,1.0,0.4,4.66,1789.3070833333334,30
PRJ-00445,Residential,East,377311.63,484951.01,28.53,88,112,27.81,8,12.4,6,9,5.0,2,3,5.17,12.18,59.7,6,2,1,Medium,47163.95375,0.0909090909090909,1.125,0.8333333333333334,2.066666666666667,4287.632159090909,48
PRJ-00396,Commercial,Central,206474.11,220802.97,6.94,79,83,4.91,7,25.0,6,6,5.0,0,2,1.92,3.22,0.0,3,1,0,Low,29496.301428571427,0.0886075949367088,0.8571428571428571,0.8333333333333334,4.166666666666667,2613.596329113924,42
PRJ-00763,Residential,North,94814.17,115357.31,21.67,48,60,24.24,6,10.3,6,6,2.0,2,2,1.06,5.21,61.0,12,2,2,Medium,15802.361666666666,0.125,1.0,0.3333333333333333,1.7166666666666668,1975.2952083333328,36
PRJ-00177,Commercial,South,1417150.85,1828306.8,29.01,118,170,44.37,22,4.2,5,6,8.0,0,3,4.31,14.7,56.1,4,3,0,Medium,64415.94772727273,0.1864406779661017,0.2727272727272727,1.6,0.8400000000000001,12009.752966101696,110
PRJ-00019,Infrastructure,South,577939.39,765172.08,32.4,72,101,39.99,11,6.0,7,6,3.0,2,1,7.65,4.77,81.1,10,4,2,Medium,52539.94454545455,0.1527777777777778,0.5454545454545454,0.4285714285714285,0.8571428571428571,8026.9359722222225,77
PRJ-00848,Industrial,North,1278322.36,1449863.99,13.42,70,94,33.92,17,7.6,7,4,5.0,1,1,10.76,6.34,81.8,3,1,1,Medium,75195.43294117648,0.2428571428571428,0.2352941176470588,0.7142857142857143,1.0857142857142856,18261.748000000003,119
PRJ-00838,Renovation,Central,104050.62,127423.75,22.46,69,83,20.35,6,21.6,6,8,2.0,1,0,0.0,14.03,57.3,2,4,3,Medium,17341.77,0.0869565217391304,1.3333333333333333,0.3333333333333333,3.6,1507.98,36
PRJ-00596,Residential,West,427827.64,509329.94,19.05,75,91,21.5,10,15.3,4,6,3.0,2,3,4.83,12.82,9.6,3,1,1,Medium,42782.764,0.1333333333333333,0.6,0.75,3.825,5704.368533333333,40
PRJ-00062,Commercial,South,683911.68,831122.39,21.52,63,85,35.18,14,9.6,6,7,2.0,3,5,8.75,10.26,34.8,7,1,4,Medium,48850.83428571429,0.2222222222222222,0.5,0.3333333333333333,1.6,10855.740952380953,84
PRJ-00273,Residential,Central,287714.87,354370.13,23.17,67,75,12.62,8,8.0,3,4,1.0,0,2,3.01,8.93,55.3,3,5,1,Low,35964.35875,0.1194029850746268,0.5,0.3333333333333333,2.6666666666666665,4294.251791044776,24
PRJ-01140,Industrial,Central,1067635.78,1196500.42,12.07,93,115,23.43,19,15.1,3,4,4.0,2,4,4.93,11.8,29.0,7,3,0,Medium,56191.35684210526,0.2043010752688172,0.2105263157894736,1.3333333333333333,5.033333333333333,11479.954623655914,57
PRJ-00279,Infrastructure,East,858681.09,923002.86,7.49,105,118,12.55,13,15.2,6,9,6.0,1,4,3.3,6.64,33.8,9,2,0,Low,66052.39153846154,0.1238095238095238,0.6923076923076923,1.0,2.533333333333333,8177.915142857142,78
PRJ-00369,Commercial,East,526424.62,590003.36,12.08,52,65,24.28,9,7.0,3,12,0.0,2,3,4.89,18.3,26.8,2,4,1,Medium,58491.624444444446,0.173076923076923,1.3333333333333333,0.0,2.333333333333333,10123.550384615384,27
PRJ-00913,Renovation,Central,245200.34,314001.6,28.06,72,95,31.81,7,5.6,3,2,4.0,2,2,7.32,16.66,63.3,4,1,0,Medium,35028.62,0.0972222222222222,0.2857142857142857,1.3333333333333333,1.8666666666666665,3405.5602777777776,21
PRJ-00843,Commercial,Central,1126314.03,1141768.93,1.37,74,81,9.32,15,26.6,4,6,2.0,1,3,4.46,11.9,42.3,4,3,1,Low,75087.602,0.2027027027027027,0.4,0.5,6.65,15220.459864864864,60
PRJ-00885,Residential,East,408760.28,477835.25,16.9,83,104,24.93,10,7.5,5,6,3.0,4,4,7.88,13.0,51.4,6,0,0,Medium,40876.028000000006,0.1204819277108433,0.6,0.6,1.5,4924.82265060241,50
PRJ-00742,Residential,East,270150.46,325852.26,20.62,67,89,33.26,7,5.3,6,6,2.0,0,4,4.33,14.91,34.6,4,3,4,Medium,38592.92285714286,0.1044776119402985,0.8571428571428571,0.3333333333333333,0.8833333333333333,4032.096417910448,42
PRJ-01100,Residential,East,418773.04,568894.69,35.85,91,127,40.05,8,5.0,7,10,4.0,5,5,8.55,16.94,35.8,2,3,2,High,52346.63,0.0879120879120879,1.25,0.5714285714285714,0.7142857142857143,4601.901538461539,56
PRJ-00548,Residential,East,616875.35,806233.95,30.7,66,87,32.21,9,13.6,3,4,2.0,2,4,5.36,13.67,47.6,4,6,0,Medium,68541.70555555556,0.1363636363636363,0.4444444444444444,0.6666666666666666,4.533333333333333,9346.596212121212,27
PRJ-00906,Industrial,South,323629.77,400715.38,23.82,69,87,26.15,8,18.1,5,4,0.0,1,1,1.25,4.35,44.7,5,2,1,Medium,40453.72125,0.1159420289855072,0.5,0.0,3.62,4690.286521739131,40
PRJ-00689,Infrastructure,South,4607811.94,6211640.34,34.81,197,298,51.11,67,5.5,5,6,4.0,1,8,13.03,12.57,68.8,15,0,3,High,68773.31253731344,0.3401015228426396,0.0895522388059701,0.8,1.1,23389.908324873097,335
PRJ-00927,Residential,North,237731.23,305413.49,28.47,84,98,17.24,7,8.7,5,6,3.0,2,4,11.61,8.5,68.7,5,2,3,Medium,33961.60428571429,0.0833333333333333,0.8571428571428571,0.6,1.7399999999999998,2830.1336904761906,35
PRJ-00457,Renovation,East,2192359.27,2517304.67,14.82,126,163,29.51,19,18.0,6,7,6.0,1,5,7.54,6.14,45.8,3,0,0,Medium,115387.33,0.1507936507936507,0.3684210526315789,1.0,3.0,17399.676746031746,114
PRJ-00394,Industrial,East,417835.12,541263.55,29.54,51,69,35.77,9,5.9,7,8,5.0,3,4,7.37,20.94,65.2,8,3,0,Medium,46426.124444444446,0.1764705882352941,0.8888888888888888,0.7142857142857143,0.8428571428571429,8192.845490196078,63
PRJ-00676,Commercial,West,176931.16,212454.29,20.08,79,95,20.83,7,7.1,6,7,2.0,3,4,0.95,7.71,19.8,6,6,0,Medium,25275.88,0.0886075949367088,1.0,0.3333333333333333,1.1833333333333331,2239.634936708861,42
PRJ-00939,Renovation,Central,1044358.62,1285371.44,23.08,74,86,15.56,15,24.8,8,6,4.0,0,4,11.18,9.64,25.3,5,1,1,Medium,69623.908,0.2027027027027027,0.4,0.5,3.1,14112.954324324324,120
PRJ-00994,Residential,North,629289.34,634111.45,0.77,57,60,5.49,10,19.0,2,6,2.0,2,1,7.77,1.08,32.6,2,3,0,Low,62928.934,0.175438596491228,0.6,1.0,9.5,11040.163859649125,20
PRJ-00376,Residential,South,314822.62,377191.59,19.81,50,66,31.19,8,5.5,6,9,3.0,2,6,6.09,11.86,53.7,5,0,2,Medium,39352.8275,0.16,1.125,0.5,0.9166666666666666,6296.4524,48
PRJ-00413,Residential,North,254089.65,272098.92,7.09,59,65,10.7,8,17.4,2,5,5.0,1,1,2.83,3.4,47.4,5,4,1,Low,31761.20625,0.135593220338983,0.625,2.5,8.7,4306.604237288136,16
PRJ-00075,Residential,North,465873.34,548598.29,17.76,57,70,21.94,10,19.1,2,2,2.0,0,2,4.1,16.54,37.2,6,3,0,Low,46587.334,0.175438596491228,0.2,1.0,9.55,8173.2164912280705,20
PRJ-01136,Commercial,North,406519.16,457705.55,12.59,71,99,39.05,10,9.1,1,4,2.0,1,1,7.8,7.08,47.0,7,3,0,Medium,40651.916,0.1408450704225352,0.4,2.0,9.1,5725.621971830986,10
PRJ-00888,Residential,South,1627169.93,2066670.89,27.01,121,166,36.99,25,2.7,1,2,1.0,0,5,6.92,9.65,44.9,4,3,2,Medium,65086.7972,0.2066115702479339,0.08,1.0,2.7,13447.685371900829,25
PRJ-00501,Infrastructure,East,552392.89,676343.22,22.44,70,98,39.71,10,5.3,4,6,2.0,2,1,11.15,8.87,44.2,7,0,2,Medium,55239.289,0.1428571428571428,0.6,0.5,1.325,7891.327,40
PRJ-00824,Industrial,West,181317.39,170549.5,-5.94,54,53,-1.76,6,9.9,1,2,0.0,0,0,0.0,-2.71,10.0,9,3,0,Low,30219.565,0.1111111111111111,0.3333333333333333,0.0,9.9,3357.7294444444447,6
PRJ-00617,Infrastructure,East,1855418.58,2019305.7,8.83,75,93,24.11,22,17.2,5,8,2.0,0,3,6.01,9.41,33.3,2,0,1,Low,84337.20818181819,0.2933333333333333,0.3636363636363636,0.4,3.44,24738.9144,110
PRJ-00115,Residential,North,266831.89,354882.35,33.0,61,89,45.15,8,10.1,6,7,3.0,1,1,5.6,14.5,27.4,1,4,2,Medium,33353.98625,0.1311475409836065,0.875,0.5,1.6833333333333331,4374.293278688525,48
PRJ-00418,Infrastructure,Central,598114.89,753489.42,25.98,54,76,40.31,11,17.0,5,8,2.0,0,6,6.3,14.62,64.2,6,5,2,Medium,54374.08090909091,0.2037037037037037,0.7272727272727273,0.4,3.4,11076.201666666668,55
PRJ-00602,Infrastructure,West,1313673.69,1642652.57,25.04,113,154,36.64,15,10.8,6,6,6.0,1,3,7.72,12.43,109.3,10,2,2,Medium,87578.246,0.1327433628318584,0.4,1.0,1.8,11625.430884955753,90
PRJ-00605,Renovation,West,180192.1,204669.29,13.58,52,63,20.76,7,36.2,4,6,4.0,0,1,3.13,3.97,55.8,3,1,0,Low,25741.72857142857,0.1346153846153846,0.8571428571428571,1.0,9.05,3465.232692307693,28
PRJ-00090,Commercial,South,455625.15,542288.01,19.02,69,84,22.18,8,12.6,5,6,4.0,1,4,1.54,6.68,53.8,3,6,0,Medium,56953.14375,0.1159420289855072,0.75,0.8,2.52,6603.263043478261,40
PRJ-01163,Infrastructure,East,1005441.35,1173348.89,16.7,66,85,28.39,13,16.5,2,4,4.0,2,2,2.45,3.58,16.5,8,5,3,Medium,77341.64230769231,0.1969696969696969,0.3076923076923077,2.0,8.25,15233.959848484848,26
PRJ-00499,Commercial,West,152633.44,202933.72,32.95,59,77,31.33,7,11.6,8,9,6.0,0,8,7.91,16.41,79.3,6,1,0,Medium,21804.777142857143,0.1186440677966101,1.2857142857142858,0.75,1.45,2587.0074576271186,56
PRJ-00902,Residential,South,376266.87,452233.61,20.19,71,79,11.88,9,,5,6,4.0,0,4,4.2,5.36,20.2,3,2,0,Low,41807.43,0.1267605633802817,0.6666666666666666,0.8,,5299.53338028169,45
PRJ-00909,Residential,North,492336.1,614354.34,24.78,52,70,34.15,10,14.5,7,6,3.0,3,1,8.47,8.17,44.8,3,8,5,Medium,49233.61,0.1923076923076923,0.6,0.4285714285714285,2.071428571428572,9468.001923076925,70
PRJ-00907,Commercial,South,122279.67,134288.63,9.82,66,82,23.6,6,10.2,4,10,5.0,0,3,3.46,9.0,51.1,6,1,1,Low,20379.945,0.0909090909090909,1.6666666666666667,1.25,2.55,1852.7222727272729,24
PRJ-00012,Renovation,North,193691.47,226261.04,16.82,69,89,29.46,7,,5,4,5.0,1,4,12.54,13.05,42.4,4,3,1,Medium,27670.21,0.1014492753623188,0.5714285714285714,1.0,,2807.1227536231886,35
PRJ-00397,Infrastructure,Central,168044.64,172070.41,2.4,58,74,27.93,7,12.3,4,6,4.0,4,2,2.27,7.84,22.2,5,2,1,Medium,24006.377142857145,0.1206896551724138,0.8571428571428571,1.0,3.075,2897.321379310345,28
PRJ-00858,Infrastructure,North,83189.02,103645.71,24.59,70,84,19.73,6,9.2,5,4,4.0,2,0,0.64,4.82,55.9,8,4,4,Medium,13864.836666666668,0.0857142857142857,0.6666666666666666,0.8,1.84,1188.4145714285714,30
PRJ-00556,Residential,Central,1516485.69,1662373.92,9.62,112,147,30.89,18,16.5,8,6,5.0,1,4,7.5,2.61,36.5,2,3,0,Medium,84249.205,0.1607142857142857,0.3333333333333333,0.625,2.0625,13540.050803571428,144
PRJ-00043,Infrastructure,North,296941.09,370239.23,24.68,54,59,8.52,9,13.3,3,4,1.0,3,6,3.79,10.66,50.3,5,3,1,Medium,32993.45444444445,0.1666666666666666,0.4444444444444444,0.3333333333333333,4.433333333333334,5498.909074074075,27
PRJ-00168,Infrastructure,West,421008.42,442067.18,5.0,72,74,2.51,9,15.3,3,6,4.0,0,0,7.97,0.64,14.0,7,1,0,Low,46778.71333333333,0.125,0.6666666666666666,1.3333333333333333,5.1000000000000005,5847.339166666667,27
PRJ-00417,Residential,West,148013.19,168167.28,13.62,52,61,17.2,6,10.2,3,4,2.0,1,3,1.8,2.78,58.7,4,1,0,Low,24668.865,0.1153846153846153,0.6666666666666666,0.6666666666666666,3.4,2846.4075000000003,18
PRJ-00577,Renovation,East,429233.74,505324.7,17.73,55,55,0.31,8,23.2,6,7,3.0,4,2,7.04,7.1,25.1,6,3,0,Medium,53654.2175,0.1454545454545454,0.875,0.5,3.866666666666666,7804.249818181818,48
PRJ-00268,Residential,Central,133235.45,161911.17,21.52,66,75,14.25,7,5.8,1,4,1.0,1,2,7.52,12.62,63.6,2,2,2,Medium,19033.63571428572,0.106060606060606,0.5714285714285714,1.0,5.8,2018.7189393939395,7
PRJ-00831,Industrial,Central,1574023.75,1628774.65,3.48,81,92,13.3,18,17.4,4,9,2.0,2,1,3.28,-1.15,57.9,4,3,1,Low,87445.76388888889,0.2222222222222222,0.5,0.5,4.35,19432.39197530864,72
PRJ-00427,Residential,South,179487.68,193966.89,8.07,67,71,6.25,7,7.7,7,8,4.0,1,3,1.79,-1.64,31.2,4,2,2,Low,25641.097142857143,0.1044776119402985,1.1428571428571428,0.5714285714285714,1.1,2678.920597014925,49
PRJ-00691,Commercial,South,292940.96,320008.54,9.24,80,94,17.69,9,10.2,3,6,1.0,1,1,0.0,-4.34,60.4,2,2,1,Low,32548.99555555556,0.1125,0.6666666666666666,0.3333333333333333,3.4,3661.762,27
PRJ-00545,Residential,Central,198586.75,236548.41,19.12,57,69,21.43,7,5.6,5,8,3.0,2,3,1.82,9.77,17.1,3,5,0,Medium,28369.53571428572,0.1228070175438596,1.1428571428571428,0.6,1.12,3483.9780701754385,35
PRJ-01137,Commercial,North,243566.1,301100.88,23.62,57,68,19.26,7,4.6,6,12,4.0,4,2,5.39,17.92,44.5,2,3,0,Medium,34795.15714285714,0.1228070175438596,1.7142857142857142,0.6666666666666666,0.7666666666666666,4273.089473684211,42
PRJ-00675,Industrial,East,1115510.79,1409088.87,26.32,83,104,25.46,19,7.9,4,3,7.0,3,3,4.41,17.02,39.7,4,4,0,Medium,58711.09421052632,0.2289156626506024,0.1578947368421052,1.75,1.975,13439.88903614458,76
PRJ-00690,Industrial,East,315371.39,307420.11,-2.52,82,88,6.72,8,26.9,8,7,8.0,0,5,0.0,1.01,17.6,5,5,1,Low,39421.42375,0.0975609756097561,0.875,1.0,3.3625,3845.99256097561,64
PRJ-01069,Residential,East,398459.05,470074.98,17.97,56,69,22.44,10,18.2,5,6,1.0,1,4,6.86,8.13,58.1,7,2,1,Medium,39845.905,0.1785714285714285,0.6,0.2,3.64,7115.340178571429,50
PRJ-01191,Commercial,North,647077.07,872025.69,34.76,61,92,51.57,11,7.9,8,8,3.0,5,1,12.51,13.61,76.4,1,2,1,High,58825.18818181818,0.180327868852459,0.7272727272727273,0.375,0.9875,10607.82081967213,88
PRJ-01159,Commercial,North,2546264.68,2889079.63,13.46,120,161,34.51,24,10.9,6,11,1.0,3,4,7.73,15.2,83.8,1,3,0,Medium,106094.36166666668,0.2,0.4583333333333333,0.1666666666666666,1.8166666666666669,21218.872333333336,144
PRJ-00910,Commercial,Central,308786.68,348105.28,12.73,67,87,29.66,9,17.7,4,6,2.0,1,4,3.13,8.97,43.5,0,1,1,Medium,34309.63111111111,0.1343283582089552,0.6666666666666666,0.5,4.425,4608.756417910447,36
PRJ-00258,Residential,South,1850926.58,2062954.77,11.46,90,107,18.79,28,25.8,2,6,3.0,2,2,1.16,4.82,42.6,7,3,1,Low,66104.52071428571,0.3111111111111111,0.2142857142857142,1.5,12.9,20565.85088888889,56
PRJ-00336,Industrial,North,498164.9,588540.23,18.14,64,92,44.01,12,11.7,5,6,1.0,1,4,6.6,8.01,54.8,5,1,1,Medium,41513.74166666667,0.1875,0.5,0.2,2.34,7783.8265625,60
PRJ-00016,Residential,East,137887.43,159448.38,15.64,59,66,12.24,7,14.5,4,11,2.0,2,1,3.41,7.15,42.2,8,1,2,Low,19698.204285714284,0.1186440677966101,1.5714285714285714,0.5,3.625,2337.0750847457625,28
PRJ-01034,Renovation,South,1675515.33,1966115.15,17.34,94,128,35.89,21,15.3,8,6,3.0,0,2,6.93,17.12,63.8,3,3,0,Medium,79786.44428571429,0.2234042553191489,0.2857142857142857,0.375,1.9125,17824.631170212768,168
PRJ-00325,Infrastructure,West,626781.24,689395.25,9.99,70,85,21.9,10,19.6,7,12,4.0,0,6,6.69,11.16,51.5,11,2,1,Low,62678.124,0.1428571428571428,1.2,0.5714285714285714,2.8000000000000003,8954.017714285714,70
PRJ-00608,Residential,East,4319776.44,5839609.6,35.18,173,262,51.18,54,7.7,7,8,2.0,0,4,6.71,14.91,74.1,3,1,1,High,79995.86,0.3121387283236994,0.1481481481481481,0.2857142857142857,1.1,24969.806011560697,378
PRJ-01068,Industrial,South,446081.04,572708.68,28.39,85,109,28.51,11,9.2,8,7,6.0,6,5,5.88,8.65,54.4,2,3,0,High,40552.821818181816,0.1294117647058823,0.6363636363636364,0.75,1.15,5248.012235294117,88
PRJ-00813,Renovation,South,674970.72,794412.49,17.7,55,70,27.53,10,9.7,5,6,4.0,2,2,7.32,5.09,57.2,2,5,6,Medium,67497.072,0.1818181818181818,0.6,0.8,1.94,12272.19490909091,50
PRJ-00223,Industrial,North,686802.24,735677.66,7.12,90,108,19.97,12,16.0,4,5,3.0,1,1,4.38,15.2,30.7,5,0,0,Low,57233.52,0.1333333333333333,0.4166666666666667,0.75,4.0,7631.135999999999,48
PRJ-00180,Infrastructure,East,429353.01,537934.02,25.29,88,129,46.2,9,8.1,5,4,3.0,3,4,8.72,10.32,89.6,7,4,2,High,47705.89,0.1022727272727272,0.4444444444444444,0.6,1.62,4879.011477272728,45
PRJ-00100,Renovation,Central,380109.03,440589.15,15.91,56,67,20.32,8,16.1,5,10,4.0,1,5,7.43,16.75,44.6,6,3,2,Medium,47513.62875,0.1428571428571428,1.25,0.8,3.22,6787.66125,40
PRJ-00522,Commercial,West,270523.97,321280.0,18.76,66,83,25.66,8,13.3,2,5,5.0,1,0,3.45,11.87,41.9,2,2,1,Medium,33815.49625,0.1212121212121212,0.625,2.5,6.65,4098.84803030303,16
PRJ-00023,Renovation,North,1649725.94,1906814.22,15.58,108,141,30.36,15,3.0,3,8,3.0,1,2,8.72,9.62,63.6,3,6,1,Medium,109981.72933333334,0.1388888888888889,0.5333333333333333,1.0,1.0,15275.240185185185,45
PRJ-00357,Infrastructure,Central,528987.86,606824.91,14.71,89,102,14.46,12,6.7,7,8,3.0,3,3,1.11,6.97,69.5,6,2,1,Medium,44082.32166666666,0.1348314606741573,0.6666666666666666,0.4285714285714285,0.9571428571428572,5943.683820224719,84
PRJ-00734,Commercial,North,921524.34,1242340.07,34.81,103,121,17.78,13,9.4,5,8,5.0,1,1,9.0,12.7,44.7,4,1,2,Medium,70886.4876923077,0.1262135922330097,0.6153846153846154,1.0,1.88,8946.838252427184,65
PRJ-00990,Infrastructure,West,1134210.11,1443372.64,27.26,91,117,28.05,15,15.3,8,5,4.0,0,3,5.38,16.52,42.8,8,4,3,Medium,75614.00733333334,0.1648351648351648,0.3333333333333333,0.5,1.9125,12463.847362637363,120
PRJ-01126,Industrial,South,870780.63,1120639.55,28.69,69,92,32.74,17,8.0,5,6,0.0,1,4,5.1,-2.25,27.3,2,1,0,Medium,51222.39,0.2463768115942029,0.3529411764705882,0.0,1.6,12620.009130434782,85
PRJ-00612,Industrial,East,199809.63,237494.14,18.86,77,101,30.64,6,5.6,2,4,2.0,2,2,5.59,11.05,56.7,4,2,0,Medium,33301.605,0.0779220779220779,0.6666666666666666,1.0,2.8,2594.93025974026,12
PRJ-01033,Commercial,South,295216.69,387393.23,31.22,85,121,42.84,8,9.1,6,7,3.0,3,5,8.2,13.93,87.9,4,3,4,High,36902.08625,0.0941176470588235,0.875,0.5,1.5166666666666666,3473.1375294117647,48
PRJ-00341,Residential,North,214470.19,268230.38,25.07,59,71,20.93,7,8.1,5,6,4.0,1,3,5.6,11.84,62.6,5,3,1,Medium,30638.59857142857,0.1186440677966101,0.8571428571428571,0.8,1.62,3635.087966101695,35
PRJ-00432,Infrastructure,West,2702893.71,2980145.55,10.26,158,204,28.92,40,12.7,8,7,5.0,1,4,10.6,14.34,89.3,2,6,0,Medium,67572.34275,0.2531645569620253,0.175,0.625,1.5875,17106.922215189872,320
PRJ-01112,Commercial,East,468893.38,637661.61,35.99,71,101,41.58,10,10.3,7,6,2.0,1,2,7.0,31.57,70.6,7,1,4,Medium,46889.338,0.1408450704225352,0.6,0.2857142857142857,1.4714285714285715,6604.132112676057,70
PRJ-00218,Residential,North,132412.78,176819.01,33.54,79,108,36.2,7,2.7,6,8,4.0,3,3,11.49,17.92,86.2,4,0,3,High,18916.11142857143,0.0886075949367088,1.1428571428571428,0.6666666666666666,0.45,1676.1111392405064,42
PRJ-00204,Residential,East,512926.89,629677.47,22.76,79,110,38.89,9,14.8,2,6,1.0,0,4,8.61,19.48,61.1,7,2,0,Medium,56991.87666666667,0.1139240506329113,0.6666666666666666,0.5,7.4,6492.745443037975,18
PRJ-00933,Commercial,South,79317.45,97391.04,22.79,79,95,20.66,6,12.5,7,6,4.0,2,1,3.82,6.31,48.2,2,3,1,Medium,13219.575,0.0759493670886076,1.0,0.5714285714285714,1.7857142857142858,1004.0183544303798,42
PRJ-00950,Commercial,West,634301.02,802159.87,26.46,56,77,37.37,10,5.9,4,6,4.0,3,5,10.72,13.87,74.6,4,3,5,High,63430.102,0.1785714285714285,0.6,1.0,1.475,11326.80392857143,40
PRJ-00094,Commercial,West,248354.28,317639.38,27.9,57,77,34.74,8,11.1,5,4,1.0,1,1,7.4,11.08,42.8,4,1,2,Medium,31044.285,0.1403508771929824,0.5,0.2,2.22,4357.092631578948,40
PRJ-00821,Residential,West,185832.75,193453.0,4.1,65,68,4.91,8,11.7,4,6,1.0,4,1,7.92,15.61,37.9,2,1,2,Low,23229.09375,0.123076923076923,0.75,0.25,2.925,2858.9653846153847,32
PRJ-00069,Residential,North,811317.67,978640.45,20.62,102,137,34.6,14,5.9,3,4,6.0,0,1,4.57,8.22,44.6,3,4,2,Medium,57951.26214285714,0.1372549019607843,0.2857142857142857,2.0,1.9666666666666668,7954.094803921569,42
PRJ-00922,Infrastructure,North,89673.17,96179.45,7.26,51,62,21.76,6,32.6,5,6,1.0,2,4,6.68,11.78,7.7,4,4,2,Medium,14945.528333333334,0.1176470588235294,1.0,0.2,6.5200000000000005,1758.297450980392,30
PRJ-00285,Industrial,East,801334.5,934160.45,16.58,59,75,27.76,12,8.5,4,6,2.0,2,3,8.65,11.27,58.7,4,2,2,Medium,66777.875,0.2033898305084746,0.5,0.5,2.125,13581.940677966102,48
PRJ-00697,Infrastructure,North,210065.4,272234.12,29.59,66,90,35.7,7,22.0,8,8,7.0,2,6,6.31,9.1,60.5,16,6,1,Medium,30009.342857142856,0.106060606060606,1.1428571428571428,0.875,2.75,3182.80909090909,56
PRJ-00086,Residential,South,975844.59,945571.91,-3.1,73,83,14.11,15,16.3,5,8,4.0,1,1,1.85,-6.68,55.2,7,2,0,Low,65056.306,0.2054794520547945,0.5333333333333333,0.8,3.26,13367.73410958904,75
PRJ-00435,Residential,South,191383.37,220716.15,15.33,76,97,27.14,6,15.3,8,6,6.0,2,1,2.56,6.36,51.6,4,1,0,Medium,31897.228333333333,0.0789473684210526,1.0,0.75,1.9125,2518.2022368421053,48
PRJ-00819,Industrial,Central,623525.07,786330.73,26.11,80,101,26.64,11,7.2,4,3,4.0,0,4,10.31,15.08,56.1,2,5,2,Medium,56684.09727272727,0.1375,0.2727272727272727,1.0,1.8,7794.063375,44
PRJ-00154,Industrial,North,219171.52,246057.01,12.27,46,56,21.06,8,15.1,6,6,2.0,0,2,3.5,16.73,50.0,6,0,0,Low,27396.44,0.1739130434782608,0.75,0.3333333333333333,2.5166666666666666,4764.598260869565,48
PRJ-00076,Commercial,East,161846.75,198547.74,22.68,81,99,22.0,7,4.1,5,6,3.0,1,5,5.15,5.85,30.4,2,3,2,Medium,23120.964285714286,0.0864197530864197,0.8571428571428571,0.6,0.82,1998.108024691358,35
PRJ-01116,Residential,Central,168340.81,180005.99,6.93,60,72,20.79,6,14.0,6,9,2.0,0,3,7.47,1.91,56.5,4,3,1,Low,28056.801666666663,0.1,1.5,0.3333333333333333,2.333333333333333,2805.6801666666665,36
PRJ-00581,Commercial,West,937594.65,1158943.38,23.61,58,74,28.31,16,10.9,6,6,3.0,5,1,7.04,9.48,42.6,7,3,1,Medium,58599.665625,0.2758620689655172,0.375,0.5,1.8166666666666669,16165.425,96
PRJ-00447,Renovation,Central,762465.41,973180.18,27.64,76,86,12.66,11,10.0,8,8,5.0,1,3,9.68,9.1,54.0,6,0,1,Medium,69315.03727272728,0.1447368421052631,0.7272727272727273,0.625,1.25,10032.439605263158,88
PRJ-00704,Infrastructure,East,142418.94,145845.59,2.41,71,91,27.74,7,5.0,4,8,3.0,2,2,7.94,15.78,33.5,5,2,1,Low,20345.562857142857,0.0985915492957746,1.1428571428571428,0.75,1.25,2005.9005633802817,28
PRJ-00189,Infrastructure,Central,87328.26,107591.41,23.2,65,84,28.59,6,11.2,7,8,6.0,0,2,10.46,15.83,56.2,10,4,0,Medium,14554.71,0.0923076923076923,1.3333333333333333,0.8571428571428571,1.6,1343.5116923076923,42
PRJ-00272,Residential,Central,532250.47,617139.37,15.95,84,100,19.18,10,10.8,8,7,6.0,1,1,2.88,,43.7,3,2,1,Low,53225.047,0.119047619047619,0.7,0.75,1.35,6336.315119047618,80
PRJ-00237,Commercial,South,1054580.32,1316262.84,24.81,95,117,22.74,15,10.4,8,5,5.0,3,4,10.16,13.15,68.0,5,3,2,Medium,70305.35466666667,0.1578947368421052,0.3333333333333333,0.625,1.3,11100.84547368421,120
PRJ-00488,Residential,North,689048.69,804202.81,16.71,99,127,27.86,13,13.3,5,4,0.0,3,1,9.81,18.65,51.5,4,2,2,Medium,53003.74538461538,0.1313131313131313,0.3076923076923077,0.0,2.66,6960.087777777777,65
PRJ-01174,Infrastructure,South,226046.31,274947.47,21.63,53,67,26.89,8,12.4,8,7,4.0,1,3,5.6,8.4,38.8,9,0,0,Medium,28255.78875,0.1509433962264151,0.875,0.5,1.55,4265.024716981132,64
PRJ-00560,Commercial,East,341308.86,395409.73,15.85,85,95,12.13,10,6.2,4,8,1.0,2,3,1.69,6.59,49.7,4,1,0,Low,34130.886,0.1176470588235294,0.8,0.25,1.55,4015.398352941176,40
PRJ-00118,Infrastructure,East,169731.75,202821.68,19.5,83,99,19.29,7,7.4,6,9,3.0,3,4,4.39,5.67,47.5,6,2,2,Medium,24247.39285714286,0.0843373493975903,1.2857142857142858,0.5,1.2333333333333334,2044.960843373494,42
PRJ-00638,Infrastructure,North,199044.27,231510.68,16.31,80,91,13.4,7,7.4,3,4,1.0,0,2,3.13,7.07,26.0,11,3,1,Low,28434.895714285714,0.0875,0.5714285714285714,0.3333333333333333,2.466666666666667,2488.053375,21
PRJ-01091,Residential,North,253029.35,319074.79,26.1,57,67,18.37,7,,1,2,5.0,4,5,3.94,8.46,42.5,4,5,1,Medium,36147.05,0.1228070175438596,0.2857142857142857,5.0,,4439.111403508772,7
PRJ-00751,Residential,West,611039.25,776910.47,27.15,74,106,42.78,11,9.1,6,5,3.0,5,5,5.65,19.89,79.6,2,4,2,High,55549.02272727273,0.1486486486486486,0.4545454545454545,0.5,1.5166666666666666,8257.287162162162,66
PRJ-00513,Residential,East,293627.39,349613.77,19.07,71,91,28.18,7,6.5,4,7,3.0,1,1,3.22,13.55,79.7,5,3,1,Medium,41946.77,0.0985915492957746,1.0,0.75,1.625,4135.597042253521,28
PRJ-00634,Commercial,North,75753.43,74255.36,-1.98,76,87,13.98,5,13.9,5,4,4.0,3,1,2.13,8.25,32.2,10,4,0,Low,15150.685999999998,0.0657894736842105,0.8,0.8,2.78,996.7556578947368,25
PRJ-00808,Residential,Central,1227158.43,1511782.32,23.19,85,105,23.78,13,6.1,5,8,1.0,2,5,8.79,16.43,69.5,5,2,1,Medium,94396.8023076923,0.1529411764705882,0.6153846153846154,0.2,1.22,14437.158,65
PRJ-01030,Commercial,South,446735.46,511327.12,14.46,85,100,17.37,10,10.4,6,4,5.0,2,2,3.71,12.75,63.3,5,3,0,Medium,44673.546,0.1176470588235294,0.4,0.8333333333333334,1.7333333333333334,5255.711294117647,60
PRJ-00980,Residential,South,189097.76,222214.38,17.51,66,88,32.6,6,8.5,8,6,9.0,1,6,6.84,9.63,38.5,4,2,0,Medium,31516.29333333333,0.0909090909090909,1.0,1.125,1.0625,2865.117575757576,48
PRJ-00127,Commercial,East,484708.37,645538.74,33.18,76,97,27.16,8,13.1,8,11,4.0,3,6,7.89,7.58,47.5,6,3,2,High,60588.54625,0.1052631578947368,1.375,0.5,1.6375,6377.741710526316,64
PRJ-00791,Residential,North,2726626.61,3556456.17,30.43,117,178,52.4,28,10.2,7,4,5.0,2,7,6.19,19.12,61.9,2,3,2,High,97379.52178571429,0.2393162393162393,0.1428571428571428,0.7142857142857143,1.457142857142857,23304.50094017094,196
PRJ-00117,Infrastructure,West,151005.43,158379.47,4.88,51,59,15.06,6,9.7,6,6,6.0,1,3,4.97,5.88,50.1,11,5,2,Low,25167.571666666667,0.1176470588235294,1.0,1.0,1.6166666666666665,2960.8907843137254,36
PRJ-00474,Residential,South,684588.76,763401.69,11.51,71,82,14.91,12,8.4,5,4,0.0,3,1,8.05,4.2,28.4,2,3,0,Medium,57049.06333333333,0.1690140845070422,0.3333333333333333,0.0,1.6800000000000002,9642.095211267606,60
PRJ-00741,Residential,East,61494.98,70983.5,15.43,72,86,18.9,5,7.1,5,8,2.0,1,4,9.44,5.18,36.7,4,4,2,Medium,12298.996,0.0694444444444444,1.6,0.4,1.42,854.0969444444445,25
PRJ-01025,Industrial,West,244027.89,272772.41,11.78,74,88,18.91,8,15.3,8,5,5.0,1,4,3.94,3.43,14.6,5,5,1,Low,30503.48625,0.1081081081081081,0.625,0.625,1.9125,3297.6741891891893,64
PRJ-00058,Industrial,Central,515637.48,542649.5,5.24,79,96,21.71,11,16.1,4,11,1.0,1,4,3.76,5.61,17.7,4,4,0,Low,46876.134545454544,0.1392405063291139,1.0,0.25,4.025,6527.05670886076,44
PRJ-00604,Infrastructure,Central,1817547.52,2079038.01,14.39,112,152,35.36,27,19.9,5,4,3.0,3,5,8.48,13.52,53.0,13,4,2,Medium,67316.57481481481,0.2410714285714285,0.1481481481481481,0.6,3.98,16228.102857142858,135
PRJ-00787,Infrastructure,West,898726.85,1019838.58,13.48,64,80,24.47,14,8.0,5,6,1.0,2,3,4.79,14.72,47.9,6,3,0,Medium,64194.775,0.21875,0.4285714285714285,0.2,1.6,14042.60703125,70
PRJ-01001,Residential,Central,596233.43,664307.52,11.42,94,99,5.07,11,13.4,4,5,3.0,2,2,2.29,6.34,41.8,3,3,0,Low,54203.03909090909,0.1170212765957446,0.4545454545454545,0.75,3.35,6342.908829787235,44
PRJ-00657,Infrastructure,Central,120907.89,130754.77,8.14,50,54,8.93,6,15.0,2,4,3.0,0,0,2.16,-2.08,10.6,8,3,0,Low,20151.315,0.12,0.6666666666666666,1.5,7.5,2418.1578,12
PRJ-01117,Residential,North,80375.02,85976.96,6.97,63,80,26.68,6,22.0,6,9,2.0,0,4,5.2,15.82,16.6,3,1,2,Low,13395.836666666668,0.0952380952380952,1.5,0.3333333333333333,3.6666666666666665,1275.7939682539684,36
PRJ-00949,Infrastructure,North,377531.11,475676.69,26.0,57,81,41.5,7,8.0,8,10,3.0,1,2,9.74,16.33,59.2,7,2,1,Medium,53933.01571428571,0.1228070175438596,1.4285714285714286,0.375,1.0,6623.352807017544,56
PRJ-00106,Infrastructure,North,1577357.86,2086957.94,32.31,94,137,45.24,16,8.3,8,8,3.0,2,3,6.92,10.67,68.2,9,2,1,High,98584.86625,0.1702127659574468,0.5,0.375,1.0375,16780.40276595745,128
PRJ-00636,Residential,Central,99319.87,103726.22,4.44,52,57,10.28,6,19.2,3,4,3.0,0,2,0.0,4.32,31.6,3,2,2,Low,16553.311666666665,0.1153846153846153,0.6666666666666666,1.0,6.4,1909.9975,18
PRJ-00370,Renovation,Central,3223159.92,3364346.9,4.38,157,199,26.61,30,28.4,8,14,4.0,0,1,1.35,-5.28,53.3,3,1,1,Low,107438.664,0.1910828025477707,0.4666666666666667,0.5,3.55,20529.68101910828,240
PRJ-00269,Residential,North,117638.18,138916.48,18.09,63,73,15.86,6,12.2,2,2,8.0,2,0,0.08,9.23,29.3,6,2,0,Low,19606.36333333333,0.0952380952380952,0.3333333333333333,4.0,6.1,1867.2726984126984,12
PRJ-00656,Commercial,East,95559.01,114608.39,19.93,71,95,33.72,6,10.2,3,8,4.0,3,5,5.41,1.62,40.4,4,1,1,Medium,15926.501666666663,0.0845070422535211,1.3333333333333333,1.3333333333333333,3.4,1345.9015492957749,18
PRJ-00820,Residential,East,212300.08,254656.38,19.95,83,110,32.15,7,4.8,4,6,5.0,4,5,9.07,7.68,57.5,12,2,1,Medium,30328.582857142854,0.0843373493975903,0.8571428571428571,1.25,1.2,2557.8322891566263,28
PRJ-00047,Commercial,West,305992.53,416508.26,36.12,86,123,42.63,8,4.7,6,3,7.0,4,7,9.59,16.62,59.6,4,1,3,High,38249.06625,0.0930232558139534,0.375,1.1666666666666667,0.7833333333333333,3558.052674418605,48
PRJ-00350,Residential,Central,1560932.06,1863410.46,19.38,98,112,14.13,25,12.2,7,8,2.0,2,0,8.1,18.95,49.2,4,1,2,Medium,62437.2824,0.2551020408163265,0.32,0.2857142857142857,1.7428571428571429,15927.878163265306,175
PRJ-00774,Infrastructure,South,1243487.86,1434344.52,15.35,85,100,17.49,16,15.8,3,4,2.0,2,3,4.41,2.82,27.3,11,4,1,Medium,77717.99125,0.188235294117647,0.25,0.6666666666666666,5.266666666666667,14629.268941176471,48
PRJ-00196,Residential,North,89432.69,103460.88,15.69,54,71,32.36,6,22.4,2,7,2.0,1,6,7.01,16.13,33.1,2,2,1,Medium,14905.448333333334,0.1111111111111111,1.1666666666666667,1.0,11.2,1656.160925925926,12
PRJ-00103,Residential,West,125835.92,145067.15,15.28,49,62,25.79,7,8.4,3,10,6.0,0,1,3.55,10.41,25.6,3,2,1,Low,17976.56,0.1428571428571428,1.4285714285714286,2.0,2.8000000000000003,2568.08,21
PRJ-00005,Residential,South,219729.97,225929.59,2.82,60,73,22.06,7,9.3,7,6,3.0,0,5,7.55,16.19,40.5,3,1,0,Low,31389.99571428572,0.1166666666666666,0.8571428571428571,0.4285714285714285,1.3285714285714287,3662.166166666667,49
PRJ-00620,Residential,West,696623.37,862577.14,23.82,56,70,24.56,11,19.0,7,6,3.0,5,7,3.99,7.0,61.8,3,1,0,Medium,63329.39727272727,0.1964285714285714,0.5454545454545454,0.4285714285714285,2.7142857142857144,12439.703035714285,77
PRJ-01092,Industrial,West,897689.34,1042210.04,16.1,86,97,12.8,11,19.6,4,5,4.0,0,1,0.0,1.71,35.4,3,4,0,Low,81608.12181818181,0.127906976744186,0.4545454545454545,1.0,4.9,10438.248139534884,44
PRJ-00053,Infrastructure,North,1050378.23,1226531.66,16.77,91,110,20.67,19,9.3,5,8,2.0,2,5,5.12,8.18,35.9,4,3,0,Medium,55283.064736842105,0.2087912087912088,0.4210526315789473,0.4,1.86,11542.617912087911,95
PRJ-00264,Residential,East,448297.4,584145.3,30.3,53,77,45.75,9,11.9,5,8,4.0,2,4,6.21,4.41,46.1,4,0,2,High,49810.82222222223,0.1698113207547169,0.8888888888888888,0.8,2.38,8458.441509433962,45
PRJ-01107,Residential,Central,6945316.5,8527721.92,22.78,244,347,42.02,88,7.3,4,8,2.0,6,6,16.05,15.49,83.7,2,3,0,High,78924.05113636363,0.360655737704918,0.0909090909090909,0.5,1.825,28464.411885245903,352
PRJ-00444,Residential,East,272234.29,310443.35,14.04,59,67,13.62,9,17.9,3,6,1.0,1,2,1.32,3.89,49.9,5,5,1,Low,30248.254444444443,0.1525423728813559,0.6666666666666666,0.3333333333333333,5.966666666666666,4614.140508474576,27
PRJ-01002,Commercial,Central,869030.44,976574.6,12.38,88,113,28.02,11,12.6,7,6,1.0,0,2,4.15,14.41,55.6,2,3,2,Low,79002.76727272727,0.125,0.5454545454545454,0.1428571428571428,1.8,9875.34590909091,77
PRJ-00783,Commercial,West,780831.37,942653.48,20.72,85,118,38.39,14,29.5,2,4,3.0,0,2,5.58,13.2,51.4,4,4,1,Medium,55773.66928571429,0.1647058823529411,0.2857142857142857,1.5,14.75,9186.251411764706,28
PRJ-00891,Commercial,East,278654.34,326896.11,17.31,59,81,37.4,9,11.3,3,6,3.0,3,4,3.39,5.76,43.3,2,2,0,Medium,30961.593333333338,0.1525423728813559,0.6666666666666666,1.0,3.766666666666667,4722.954915254238,27
PRJ-00692,Renovation,South,883873.55,1103460.52,24.84,92,133,45.04,16,14.5,5,8,3.0,3,3,3.52,14.11,49.6,1,0,2,Medium,55242.096875,0.1739130434782608,0.5,0.6,2.9,9607.321195652174,80
PRJ-00305,Infrastructure,North,2084675.88,2223691.59,6.67,92,99,7.92,27,24.1,2,4,2.0,0,1,1.93,-4.92,25.0,7,1,1,Low,77210.21777777777,0.2934782608695652,0.1481481481481481,1.0,12.05,22659.520434782607,54
PRJ-00342,Renovation,North,86913.65,121171.41,39.42,69,102,47.11,6,7.2,7,6,7.0,3,3,12.16,20.98,74.5,2,1,2,High,14485.608333333332,0.0869565217391304,1.0,1.0,1.0285714285714287,1259.618115942029,42
PRJ-00893,Residential,South,3811026.18,5020875.65,31.75,156,237,51.77,51,9.2,7,8,3.0,2,7,8.12,19.2,124.1,3,3,2,High,74726.00352941177,0.3269230769230769,0.1568627450980392,0.4285714285714285,1.3142857142857145,24429.655,357
PRJ-00314,Commercial,East,325156.67,359505.13,10.56,59,68,15.72,7,35.1,5,10,4.0,4,1,8.66,14.25,30.7,4,2,0,Medium,46450.95285714285,0.1186440677966101,1.4285714285714286,0.8,7.0200000000000005,5511.13,35
PRJ-00150,Residential,North,455491.84,529700.28,16.29,79,90,13.96,10,13.9,5,6,3.0,5,0,1.68,2.52,41.9,3,4,0,Medium,45549.184,0.1265822784810126,0.6,0.6,2.78,5765.719493670887,50
PRJ-00125,Residential,North,1591035.65,1867763.31,17.39,80,104,30.44,25,,3,2,0.0,1,2,2.59,4.84,70.3,7,1,2,Medium,63641.426,0.3125,0.08,0.0,,19887.945625,75
PRJ-01142,Infrastructure,East,203511.95,226108.66,11.1,46,54,17.66,7,9.9,3,2,1.0,1,1,4.79,5.65,19.6,7,3,2,Low,29073.13571428572,0.1521739130434782,0.2857142857142857,0.3333333333333333,3.3000000000000003,4424.172826086957,21
PRJ-00575,Infrastructure,North,109397.5,122518.51,11.99,60,64,6.84,6,19.8,3,6,1.0,0,1,3.0,-0.42,29.2,8,3,2,Low,18232.916666666668,0.1,1.0,0.3333333333333333,6.6000000000000005,1823.2916666666667,18
PRJ-00698,Industrial,South,305748.89,363832.92,19.0,82,112,36.21,8,9.6,4,9,1.0,3,5,5.42,15.07,47.6,0,2,3,Medium,38218.61125,0.0975609756097561,1.125,0.25,2.4,3728.645,32
PRJ-00665,Commercial,West,343636.59,473759.72,37.87,63,92,46.55,10,7.4,9,14,5.0,1,5,9.97,18.09,63.6,5,4,1,High,34363.659,0.1587301587301587,1.4,0.5555555555555556,0.8222222222222223,5454.549047619048,90
PRJ-00051,Residential,Central,442189.24,518193.93,17.19,88,103,17.1,8,14.7,6,5,3.0,1,7,3.58,5.02,48.8,8,2,1,Medium,55273.655,0.0909090909090909,0.625,0.5,2.45,5024.877727272728,48
PRJ-00727,Residential,Central,428376.49,460450.93,7.49,71,83,17.45,10,10.9,6,6,4.0,2,6,5.53,9.99,26.0,4,2,1,Medium,42837.649,0.1408450704225352,0.6,0.6666666666666666,1.8166666666666669,6033.471690140845,60
PRJ-00800,Infrastructure,South,66883.95,81554.13,21.93,70,90,27.97,6,9.0,6,7,3.0,4,1,4.27,9.34,61.8,10,4,4,Medium,11147.325,0.0857142857142857,1.1666666666666667,0.5,1.5,955.485,36
PRJ-00834,Industrial,North,208994.59,232133.71,11.07,73,85,16.55,7,7.4,5,6,1.0,5,3,5.17,12.58,62.4,5,2,1,Medium,29856.37,0.0958904109589041,0.8571428571428571,0.2,1.48,2862.939589041096,35
PRJ-00354,Industrial,West,628699.98,708801.68,12.74,73,96,31.21,11,10.0,1,4,2.0,1,1,6.44,7.27,20.5,2,1,1,Medium,57154.54363636363,0.1506849315068493,0.3636363636363636,2.0,10.0,8612.328493150684,11
PRJ-01167,Infrastructure,East,247704.01,306790.56,23.85,75,100,33.37,7,11.0,3,4,1.0,1,1,4.0,4.84,44.3,6,3,2,Medium,35386.287142857145,0.0933333333333333,0.5714285714285714,0.3333333333333333,3.6666666666666665,3302.7201333333333,21
PRJ-00143,Renovation,Central,168019.89,196263.81,16.81,52,66,26.55,7,13.4,3,4,6.0,2,3,4.08,15.64,50.6,2,3,1,Medium,24002.84142857143,0.1346153846153846,0.5714285714285714,2.0,4.466666666666667,3231.151730769231,21
PRJ-00471,Commercial,South,745159.65,945705.73,26.91,93,113,21.67,13,10.0,6,8,2.0,4,2,5.57,7.7,65.5,3,2,2,Medium,57319.97307692308,0.1397849462365591,0.6153846153846154,0.3333333333333333,1.6666666666666667,8012.469354838709,78
PRJ-00654,Residential,South,196628.09,221940.26,12.87,56,69,23.23,7,15.1,2,6,4.0,1,0,3.4,13.98,44.1,9,5,0,Low,28089.727142857144,0.125,0.8571428571428571,2.0,7.55,3511.215892857143,14
PRJ-00400,Commercial,South,596765.24,688598.24,15.39,59,72,21.47,9,17.7,6,6,2.0,1,2,5.33,7.32,52.5,4,1,0,Medium,66307.24888888889,0.1525423728813559,0.6666666666666666,0.3333333333333333,2.95,10114.665084745762,54
PRJ-00925,Residential,East,362421.6,391815.04,8.11,60,67,12.15,8,,1,4,3.0,0,1,0.0,6.36,9.1,4,0,0,Low,45302.7,0.1333333333333333,0.5,3.0,,6040.36,8
PRJ-00943,Residential,North,203661.76,228735.88,12.31,52,61,17.37,7,10.4,5,12,4.0,1,2,4.19,15.1,73.9,4,1,0,Low,29094.537142857145,0.1346153846153846,1.7142857142857142,0.8,2.08,3916.572307692308,35
PRJ-00321,Renovation,West,464342.31,554684.23,19.46,78,101,29.51,9,5.7,3,10,2.0,1,4,5.88,16.82,71.6,5,2,2,Medium,51593.59,0.1153846153846153,1.1111111111111112,0.6666666666666666,1.9,5953.106538461539,27
PRJ-00020,Industrial,East,131646.78,149804.45,13.79,73,83,13.97,7,17.0,8,10,6.0,1,5,4.18,8.1,18.6,3,1,2,Low,18806.682857142856,0.0958904109589041,1.4285714285714286,0.75,2.125,1803.3805479452053,56
PRJ-00685,Industrial,South,739741.93,889486.43,20.24,89,118,32.52,11,7.4,4,6,3.0,1,1,6.64,11.85,67.1,1,6,2,Medium,67249.26636363637,0.1235955056179775,0.5454545454545454,0.75,1.85,8311.707078651685,44
PRJ-00036,Residential,East,566061.58,619584.8,9.46,78,90,15.64,13,24.7,6,7,2.0,1,3,2.94,7.35,38.2,3,2,3,Low,43543.19846153846,0.1666666666666666,0.5384615384615384,0.3333333333333333,4.116666666666666,7257.199743589743,78
PRJ-00825,Infrastructure,West,1057268.15,1272319.45,20.34,74,100,35.11,20,6.9,5,4,4.0,5,2,8.53,,44.9,9,2,1,Medium,52863.4075,0.2702702702702703,0.2,0.8,1.38,14287.407432432432,100
PRJ-00506,Infrastructure,Central,501011.64,510527.05,1.9,53,62,17.04,9,4.1,3,4,4.0,3,0,3.98,3.94,31.4,7,4,4,Low,55667.96,0.1698113207547169,0.4444444444444444,1.3333333333333333,1.3666666666666665,9453.049811320754,27
PRJ-00828,Residential,South,669439.97,782647.15,16.91,70,90,29.05,12,26.5,4,4,6.0,0,3,1.24,7.6,23.3,4,2,1,Medium,55786.66416666666,0.1714285714285714,0.3333333333333333,1.5,6.625,9563.428142857145,48
PRJ-01085,Renovation,East,1186428.17,1250563.12,5.41,89,105,18.13,15,10.1,3,4,2.0,1,2,0.71,7.8,28.3,5,1,0,Low,79095.21133333333,0.1685393258426966,0.2666666666666666,0.6666666666666666,3.3666666666666667,13330.653595505615,45
PRJ-00408,Infrastructure,South,762603.9,1000884.03,31.25,101,146,44.58,12,11.9,7,8,5.0,3,6,12.17,14.1,47.0,6,1,1,High,63550.325,0.1188118811881188,0.6666666666666666,0.7142857142857143,1.7,7550.533663366336,84
PRJ-00818,Industrial,East,414199.7,492812.18,18.98,76,97,27.31,9,4.9,3,10,3.0,3,0,7.47,13.62,18.5,3,2,2,Medium,46022.18888888889,0.1184210526315789,1.1111111111111112,1.0,1.6333333333333335,5449.996052631579,27
PRJ-00867,Infrastructure,West,535156.3,589268.64,10.11,80,96,19.66,11,22.0,4,9,2.0,1,3,0.0,4.91,22.5,5,4,1,Low,48650.57272727273,0.1375,0.8181818181818182,0.5,5.5,6689.453750000001,44
PRJ-00538,Residential,West,1262305.04,1613365.6,27.81,112,139,23.98,22,23.1,6,5,4.0,2,6,3.92,9.35,39.8,6,2,3,Medium,57377.50181818182,0.1964285714285714,0.2272727272727272,0.6666666666666666,3.85,11270.580714285714,132
PRJ-00759,Residential,West,260963.52,313191.58,20.01,55,57,4.2,7,11.3,4,4,3.0,3,3,4.73,15.18,26.9,4,4,4,Medium,37280.502857142856,0.1272727272727272,0.5714285714285714,0.75,2.825,4744.791272727272,28
PRJ-01190,Industrial,Central,1867371.81,2088992.94,11.87,109,128,17.55,27,19.7,3,12,2.0,1,1,0.0,-1.01,0.0,5,2,0,Low,69161.91888888889,0.2477064220183486,0.4444444444444444,0.6666666666666666,6.566666666666666,17131.85146788991,81
PRJ-00999,Renovation,North,150568.07,195897.72,30.11,79,92,16.89,6,18.2,4,5,2.0,1,2,6.15,6.06,36.6,8,3,2,Medium,25094.678333333333,0.0759493670886076,0.8333333333333334,0.5,4.55,1905.9249367088607,24
PRJ-00039,Residential,Central,330007.84,364243.3,10.37,84,93,10.74,9,17.0,5,8,2.0,1,1,7.69,8.84,56.3,4,2,2,Low,36667.53777777778,0.1071428571428571,0.8888888888888888,0.4,3.4,3928.664761904762,45
PRJ-00176,Residential,South,203441.32,251247.16,23.5,75,99,32.36,8,4.4,7,4,1.0,2,5,6.61,9.98,44.2,1,1,2,Medium,25430.165,0.1066666666666666,0.5,0.1428571428571428,0.6285714285714287,2712.550933333333,56
PRJ-00246,Infrastructure,North,653834.04,787007.25,20.37,97,126,29.99,14,14.4,6,9,2.0,2,5,6.62,-4.7,64.2,10,1,0,Medium,46702.43142857143,0.1443298969072164,0.6428571428571429,0.3333333333333333,2.4,6740.557113402062,84
PRJ-00811,Residential,Central,657082.28,713150.53,8.53,73,72,-0.81,10,15.4,2,7,2.0,2,3,1.95,10.81,67.0,6,1,1,Low,65708.228,0.136986301369863,0.7,1.0,7.7,9001.127123287672,20
PRJ-01099,Infrastructure,North,1826366.41,2389932.2,30.86,97,133,37.43,17,9.8,8,9,3.0,3,7,11.33,13.01,55.0,10,2,4,High,107433.31823529412,0.1752577319587628,0.5294117647058824,0.375,1.225,18828.51969072165,136
PRJ-00992,Infrastructure,East,380751.36,500412.2,31.43,59,80,35.86,8,7.9,10,9,5.0,3,7,12.26,14.81,64.7,8,3,0,High,47593.92,0.135593220338983,1.125,0.5,0.79,6453.412881355932,80
PRJ-00785,Renovation,West,638550.17,742556.27,16.29,89,104,16.64,11,22.5,9,12,4.0,3,5,5.73,2.35,28.1,3,4,1,Medium,58050.01545454546,0.1235955056179775,1.0909090909090908,0.4444444444444444,2.5,7174.721011235955,99
PRJ-01200,Infrastructure,West,713616.45,928972.4,30.18,64,87,35.97,15,8.5,3,6,1.0,0,1,12.32,15.18,58.1,4,2,0,Medium,47574.43,0.234375,0.4,0.3333333333333333,2.833333333333333,11150.25703125,45
PRJ-00490,Industrial,North,106515.91,133740.55,25.56,78,98,25.09,6,10.3,6,5,4.0,0,4,6.11,1.74,57.1,5,3,1,Medium,17752.65166666667,0.0769230769230769,0.8333333333333334,0.6666666666666666,1.7166666666666668,1365.58858974359,36
PRJ-00155,Residential,Central,700002.12,713904.22,1.99,77,97,26.29,9,10.5,6,4,5.0,0,1,2.07,3.39,63.2,1,3,0,Low,77778.01333333334,0.1168831168831168,0.4444444444444444,0.8333333333333334,1.75,9090.936623376623,54
PRJ-00639,Infrastructure,South,155771.37,152453.73,-2.13,71,81,13.92,7,21.9,9,10,4.0,1,8,2.69,9.33,35.7,10,2,0,Low,22253.05285714285,0.0985915492957746,1.4285714285714286,0.4444444444444444,2.433333333333333,2193.962957746479,63
PRJ-00663,Residential,South,54481.16,58431.1,7.25,78,82,5.02,6,10.2,1,4,3.0,0,1,2.74,6.85,24.1,4,2,0,Low,9080.193333333336,0.0769230769230769,0.6666666666666666,3.0,10.2,698.4764102564103,6
PRJ-00854,Renovation,South,98594.31,113851.73,15.47,44,48,9.07,6,4.6,4,3,5.0,0,2,5.25,6.81,54.7,3,1,0,Low,16432.385,0.1363636363636363,0.5,1.25,1.15,2240.7797727272728,24
PRJ-00288,Commercial,East,127869.52,135242.09,5.77,65,74,14.06,7,13.9,3,4,1.0,2,3,8.05,7.19,29.6,4,3,1,Low,18267.074285714287,0.1076923076923077,0.5714285714285714,0.3333333333333333,4.633333333333334,1967.2233846153847,21
PRJ-00626,Commercial,West,111348.66,141614.17,27.18,55,78,42.02,6,8.7,9,8,3.0,7,7,8.12,4.61,74.1,8,2,1,High,18558.11,0.109090909090909,1.3333333333333333,0.3333333333333333,0.9666666666666666,2024.521090909091,54
PRJ-01141,Commercial,West,474850.79,593949.52,25.08,61,83,35.53,11,13.8,8,4,5.0,4,6,7.44,11.87,45.5,1,4,3,High,43168.25363636363,0.180327868852459,0.3636363636363636,0.625,1.725,7784.439180327869,88
PRJ-00686,Commercial,South,184525.53,198396.65,7.52,79,97,22.65,6,8.8,5,6,2.0,1,0,4.16,12.06,64.3,2,1,0,Low,30754.255,0.0759493670886076,1.0,0.4,1.7600000000000002,2335.7662025316454,30
PRJ-01031,Industrial,South,420501.37,530222.85,26.09,85,123,44.63,10,11.3,4,7,0.0,4,5,2.89,7.01,47.5,9,4,2,High,42050.137,0.1176470588235294,0.7,0.0,2.825,4947.074941176471,40
PRJ-00899,Residential,East,261103.88,283584.03,8.61,83,95,14.54,8,10.8,3,8,4.0,3,5,5.3,17.85,69.3,7,2,0,Medium,32637.985,0.0963855421686747,1.0,1.3333333333333333,3.6,3145.829879518072,24
PRJ-00570,Industrial,West,60022.4,74622.72,24.32,45,54,19.39,6,9.9,5,6,4.0,1,3,11.51,10.43,56.5,2,0,0,Medium,10003.733333333334,0.1333333333333333,1.0,0.8,1.98,1333.831111111111,30
PRJ-01158,Residential,South,610252.74,762158.37,24.89,84,120,43.07,12,5.6,7,6,3.0,2,2,7.18,11.57,73.1,5,3,3,Medium,50854.395,0.1428571428571428,0.5,0.4285714285714285,0.7999999999999999,7264.913571428571,84
PRJ-00735,Residential,West,235251.34,262023.08,11.38,52,63,21.08,8,9.1,5,8,4.0,2,2,3.55,7.33,21.5,6,1,1,Low,29406.4175,0.1538461538461538,1.0,0.8,1.82,4524.064230769231,40
PRJ-00793,Commercial,West,693710.01,932001.94,34.35,67,96,42.69,12,8.4,8,4,6.0,3,6,8.29,14.76,93.9,4,1,2,High,57809.1675,0.1791044776119403,0.3333333333333333,0.75,1.05,10353.880746268656,96
PRJ-00018,Residential,South,1211719.05,1476681.82,21.87,103,126,22.07,17,23.8,4,5,2.0,2,2,6.31,12.86,32.6,9,2,4,Medium,71277.5911764706,0.1650485436893204,0.2941176470588235,0.5,5.95,11764.262621359225,68
PRJ-00128,Residential,Central,72612.78,82475.02,13.58,56,63,11.75,6,15.7,5,6,3.0,4,6,4.11,9.63,46.6,3,3,2,Medium,12102.13,0.1071428571428571,1.0,0.6,3.14,1296.6567857142857,30
PRJ-00323,Commercial,North,194150.29,241461.05,24.37,68,87,27.59,7,3.5,7,8,2.0,1,5,7.58,17.33,77.0,2,2,1,Medium,27735.755714285715,0.1029411764705882,1.1428571428571428,0.2857142857142857,0.5,2855.151323529412,49
PRJ-00256,Infrastructure,East,800440.62,907959.51,13.43,87,100,14.86,13,6.3,4,9,3.0,5,4,7.19,17.01,40.6,8,2,0,Medium,61572.35538461538,0.1494252873563218,0.6923076923076923,0.75,1.575,9200.466896551725,52
PRJ-00972,Residential,South,2320121.36,2763905.94,19.13,88,118,33.68,27,19.2,6,7,3.0,3,3,8.74,15.17,45.4,7,4,1,Medium,85930.42074074074,0.3068181818181818,0.2592592592592592,0.5,3.2,26365.015454545453,162
PRJ-01194,Renovation,East,154398.41,167876.44,8.73,82,105,27.77,6,7.2,5,8,7.0,1,5,2.1,11.02,34.5,8,2,1,Medium,25733.068333333333,0.073170731707317,1.3333333333333333,1.4,1.44,1882.9074390243904,30
PRJ-00191,Renovation,North,195205.36,241175.2,23.55,74,96,29.78,7,4.0,8,10,6.0,1,2,4.82,3.59,51.6,3,3,1,Medium,27886.48,0.0945945945945946,1.4285714285714286,0.75,0.5,2637.9102702702703,56
PRJ-00116,Infrastructure,Central,254085.61,289356.01,13.88,58,72,24.53,7,13.8,5,4,3.0,1,6,3.99,1.49,50.9,9,2,0,Medium,36297.944285714286,0.1206896551724138,0.5714285714285714,0.6,2.76,4380.786379310344,35
PRJ-01188,Renovation,West,392820.84,464623.57,18.28,67,82,23.02,8,7.5,4,5,3.0,1,1,6.25,26.62,51.7,2,3,0,Medium,49102.605,0.1194029850746268,0.625,0.75,1.875,5862.997611940299,32
PRJ-00966,Commercial,West,92860.13,100646.84,8.39,80,102,27.41,6,10.0,6,5,2.0,1,3,6.84,-0.6,30.4,3,6,0,Medium,15476.688333333334,0.075,0.8333333333333334,0.3333333333333333,1.6666666666666667,1160.751625,36
PRJ-00607,Infrastructure,East,681669.94,854797.44,25.4,98,123,25.86,11,8.1,4,6,3.0,0,1,1.39,7.09,72.2,12,2,3,Medium,61969.99454545454,0.1122448979591836,0.5454545454545454,0.75,2.025,6955.8157142857135,44
PRJ-00181,Renovation,South,155477.92,195945.34,26.03,61,82,35.22,7,3.2,4,10,5.0,0,4,6.05,25.53,76.6,5,4,2,Medium,22211.13142857143,0.1147540983606557,1.4285714285714286,1.25,0.8,2548.8183606557377,28
PRJ-00302,Residential,West,257185.42,265566.93,3.26,62,73,18.16,8,13.7,4,8,7.0,1,5,3.61,-2.92,43.1,6,2,1,Low,32148.1775,0.1290322580645161,1.0,1.75,3.425,4148.151935483871,32
PRJ-00497,Commercial,West,51888.86,58137.25,12.04,75,80,6.9,6,11.4,5,10,4.0,1,2,1.99,0.25,35.8,1,1,1,Low,8648.143333333333,0.08,1.6666666666666667,0.8,2.28,691.8514666666666,30
PRJ-00349,Industrial,East,279049.57,315377.23,13.02,53,60,13.1,7,12.3,5,6,2.0,2,1,5.59,5.36,67.0,5,2,0,Low,39864.224285714285,0.1320754716981132,0.8571428571428571,0.4,2.46,5265.086226415095,35
PRJ-01050,Residential,East,2091765.78,2547762.13,21.8,79,94,19.12,24,10.4,2,5,3.0,3,3,3.25,18.36,43.1,7,6,3,Medium,87156.9075,0.3037974683544304,0.2083333333333333,1.5,5.2,26478.047848101265,48
PRJ-01081,Residential,West,544490.12,692995.76,27.27,55,70,27.81,11,,2,8,2.0,6,4,9.7,11.85,69.1,3,5,0,High,49499.10181818181,0.2,0.7272727272727273,1.0,,9899.820363636363,22
PRJ-00745,Commercial,West,553502.88,608690.84,9.97,79,87,9.91,11,9.0,3,8,2.0,1,1,1.88,7.08,48.9,1,1,2,Low,50318.443636363634,0.1392405063291139,0.7272727272727273,0.6666666666666666,3.0,7006.365569620253,33
PRJ-00985,Residential,West,792396.12,828126.75,4.51,84,97,16.03,10,19.3,4,8,2.0,1,3,1.51,10.26,32.5,2,4,0,Low,79239.612,0.119047619047619,0.8,0.5,4.825,9433.287142857143,40
PRJ-00518,Infrastructure,Central,495925.15,555052.83,11.92,89,90,0.76,11,17.9,5,6,3.0,2,0,3.06,0.66,38.5,5,0,0,Low,45084.10454545455,0.1235955056179775,0.5454545454545454,0.6,3.58,5572.192696629214,55
PRJ-00373,Commercial,South,1157318.05,1329676.93,14.89,67,90,34.46,14,16.8,4,5,3.0,0,5,9.18,11.04,47.8,7,2,0,Medium,82665.575,0.208955223880597,0.3571428571428571,0.75,4.2,17273.403731343285,56
PRJ-00046,Infrastructure,Central,336386.45,393367.75,16.94,48,61,26.95,10,9.5,5,4,2.0,2,5,13.65,,83.6,9,3,3,Medium,33638.645000000004,0.2083333333333333,0.4,0.4,1.9,7008.051041666667,50
PRJ-00477,Commercial,West,1838657.98,2183712.6,18.77,109,132,20.67,23,25.1,4,3,5.0,2,1,4.92,6.5,35.5,6,3,1,Medium,79941.65130434782,0.2110091743119266,0.1304347826086956,1.25,6.275,16868.421834862384,92
PRJ-00158,Industrial,Central,1291448.65,1514005.84,17.23,91,121,33.29,15,,6,7,4.0,4,3,6.93,15.01,41.8,11,3,2,Medium,86096.57666666666,0.1648351648351648,0.4666666666666667,0.6666666666666666,,14191.743406593405,90
PRJ-01061,Renovation,East,892590.02,1035633.02,16.03,102,108,6.07,11,17.2,4,8,3.0,1,1,6.72,6.56,14.3,5,2,1,Low,81144.54727272727,0.1078431372549019,0.7272727272727273,0.75,4.3,8750.882549019609,44
PRJ-00172,Commercial,Central,964729.16,1145331.09,18.72,86,99,15.57,12,13.2,3,6,3.0,1,2,0.0,11.19,44.4,4,1,2,Low,80394.09666666666,0.1395348837209302,0.5,1.0,4.4,11217.78093023256,36
PRJ-00017,Industrial,West,2054375.74,2560350.42,24.63,137,182,33.07,31,13.5,3,4,5.0,3,4,4.79,11.86,82.2,5,4,0,Medium,66270.18516129033,0.2262773722627737,0.1290322580645161,1.6666666666666667,4.5,14995.443357664231,93
PRJ-00512,Infrastructure,North,83976.87,100514.93,19.69,52,67,29.32,6,10.6,8,8,4.0,4,4,7.31,16.31,59.2,8,5,0,Medium,13996.145,0.1153846153846153,1.3333333333333333,0.5,1.325,1614.9398076923076,48
PRJ-00049,Industrial,West,78525.26,85430.97,8.79,70,85,20.96,6,12.7,6,4,3.0,1,0,6.94,8.97,38.1,4,0,4,Low,13087.543333333331,0.0857142857142857,0.6666666666666666,0.5,2.1166666666666667,1121.7894285714283,36
PRJ-00192,Residential,South,201976.28,219477.67,8.67,59,66,11.95,7,12.4,3,8,7.0,2,2,3.46,9.86,24.4,4,2,0,Low,28853.754285714287,0.1186440677966101,1.1428571428571428,2.333333333333333,4.133333333333334,3423.326779661017,21
PRJ-00547,Commercial,East,299170.96,383616.32,28.23,53,68,28.5,8,4.4,5,8,5.0,3,5,6.97,12.82,53.4,5,1,2,Medium,37396.37,0.1509433962264151,1.0,1.0,0.8800000000000001,5644.735094339623,40
PRJ-00516,Residential,East,780856.96,900270.04,15.29,97,110,12.97,11,,3,8,2.0,3,1,8.47,7.47,51.1,5,3,0,Medium,70986.99636363635,0.1134020618556701,0.7272727272727273,0.6666666666666666,,8050.071752577319,33
PRJ-01008,Commercial,West,271630.1,310424.43,14.28,72,86,19.86,8,11.8,2,6,1.0,0,2,4.48,14.74,11.4,4,2,0,Low,33953.7625,0.1111111111111111,0.75,0.5,5.9,3772.6402777777776,16
PRJ-00967,Renovation,West,520050.92,617827.24,18.8,69,79,15.14,11,11.7,6,8,3.0,1,1,3.86,-2.89,17.4,3,2,1,Low,47277.35636363636,0.1594202898550724,0.7272727272727273,0.5,1.95,7536.969855072463,66
PRJ-00829,Infrastructure,West,1082642.56,1284137.85,18.61,80,99,24.34,13,21.0,3,4,5.0,3,4,10.46,10.75,51.6,6,1,2,Medium,83280.19692307693,0.1625,0.3076923076923077,1.6666666666666667,7.0,13533.032,39
PRJ-01014,Renovation,North,1057008.02,1261211.1,19.32,79,104,31.53,15,9.5,5,8,6.0,0,1,10.39,17.27,31.3,3,3,2,Medium,70467.20133333333,0.189873417721519,0.5333333333333333,1.2,1.9,13379.84835443038,75
PRJ-00481,Commercial,North,407920.19,510507.91,25.15,73,98,34.47,8,5.6,5,4,0.0,5,8,7.63,15.64,37.3,3,2,1,High,50990.02375,0.1095890410958904,0.5,0.0,1.12,5587.947808219178,40
PRJ-01143,Infrastructure,North,915927.94,1116924.22,21.94,77,96,24.9,16,10.9,2,4,2.0,1,2,13.78,3.41,33.8,10,3,0,Medium,57245.49625,0.2077922077922078,0.25,1.0,5.45,11895.16805194805,32
PRJ-00284,Residential,Central,1014976.23,1169070.72,15.18,89,119,33.57,17,6.1,8,9,6.0,3,2,9.3,15.6,49.2,3,1,2,Medium,59704.48411764706,0.1910112359550561,0.5294117647058824,0.75,0.7625,11404.227303370786,136
PRJ-01044,Industrial,South,350230.7,433984.8,23.91,85,111,30.49,10,9.6,7,8,3.0,3,2,6.07,5.64,76.8,6,1,1,Medium,35023.07,0.1176470588235294,0.8,0.4285714285714285,1.3714285714285714,4120.361176470588,70
PRJ-00798,Residential,Central,627898.51,784885.48,25.0,77,95,23.74,13,6.1,6,10,2.0,3,3,5.33,7.75,46.9,6,2,1,Medium,48299.88538461539,0.1688311688311688,0.7692307692307693,0.3333333333333333,1.0166666666666666,8154.526103896104,78
PRJ-00995,Renovation,South,310433.9,368462.23,18.69,76,93,22.27,7,8.6,4,9,3.0,2,0,5.2,4.88,50.9,5,5,2,Medium,44347.7,0.0921052631578947,1.2857142857142858,0.75,2.15,4084.656578947369,28
PRJ-00226,Renovation,East,454949.85,573747.73,26.11,91,113,24.42,11,3.5,6,9,1.0,5,4,8.8,7.85,49.5,4,6,2,Medium,41359.07727272727,0.1208791208791208,0.8181818181818182,0.1666666666666666,0.5833333333333334,4999.448901098901,66
PRJ-00027,Commercial,North,182576.7,208455.22,14.17,49,54,9.79,6,12.8,2,6,4.0,1,2,4.15,4.26,29.2,2,4,0,Low,30429.45,0.1224489795918367,1.0,2.0,6.4,3726.055102040817,12
PRJ-00283,Residential,South,576732.34,684559.49,18.7,53,65,23.3,9,19.4,5,6,2.0,0,3,6.77,3.22,47.9,4,2,2,Medium,64081.371111111104,0.1698113207547169,0.6666666666666666,0.4,3.88,10881.742264150942,45
PRJ-01164,Residential,West,231007.37,232531.36,0.66,49,54,10.57,7,20.9,3,6,1.0,0,1,0.0,-1.26,13.3,4,4,0,Low,33001.05285714286,0.1428571428571428,0.8571428571428571,0.3333333333333333,6.966666666666666,4714.436122448979,21
PRJ-00438,Commercial,Central,516952.58,591321.53,14.39,51,59,15.9,10,9.3,3,14,1.0,2,4,5.15,10.21,24.0,7,1,1,Medium,51695.258,0.196078431372549,1.4,0.3333333333333333,3.1,10136.325098039217,30
PRJ-01182,Residential,West,308312.93,365042.04,18.4,55,66,19.78,8,8.1,5,6,2.0,1,2,5.69,8.96,40.5,2,2,0,Medium,38539.11625,0.1454545454545454,0.75,0.4,1.62,5605.689636363636,40
PRJ-00365,Industrial,South,460374.38,586447.74,27.38,61,79,29.84,11,13.1,8,15,3.0,2,4,7.26,4.86,34.8,3,3,2,Medium,41852.21636363636,0.180327868852459,1.3636363636363635,0.375,1.6375,7547.120983606557,88
PRJ-00230,Residential,North,528893.86,665600.94,25.85,53,67,27.02,10,6.7,3,6,6.0,2,4,6.47,21.17,47.4,7,6,0,Medium,52889.386,0.1886792452830188,0.6,2.0,2.2333333333333334,9979.129433962264,30
PRJ-00038,Commercial,West,83537.79,90063.1,7.81,52,57,10.09,6,7.8,4,6,1.0,2,1,0.0,-0.6,7.9,2,1,0,Low,13922.964999999998,0.1153846153846153,1.0,0.25,1.95,1606.4959615384614,24
PRJ-00670,Commercial,North,2946699.42,3705176.89,25.74,150,230,53.42,39,11.5,7,8,1.0,1,3,10.45,5.83,74.1,2,1,3,High,75556.39538461539,0.26,0.2051282051282051,0.1428571428571428,1.6428571428571428,19644.6628,273
PRJ-00750,Infrastructure,North,1740234.46,2242973.17,28.89,120,171,42.37,24,11.4,8,6,5.0,2,4,7.59,26.07,53.6,8,2,1,Medium,72509.76916666667,0.2,0.25,0.625,1.425,14501.953833333331,192
PRJ-01195,Infrastructure,South,872724.93,990074.53,13.45,90,105,16.85,13,14.3,4,5,1.0,2,5,10.87,6.59,14.0,4,1,1,Medium,67132.68692307692,0.1444444444444444,0.3846153846153846,0.25,3.575,9696.943666666668,52
PRJ-00375,Residential,East,3627523.01,4348914.55,19.89,160,200,25.25,38,7.3,3,4,1.0,6,4,10.84,11.11,42.8,5,3,1,Medium,95461.13184210526,0.2375,0.1052631578947368,0.3333333333333333,2.433333333333333,22672.0188125,114
PRJ-00470,Commercial,South,506778.54,614793.78,21.31,56,69,23.37,10,10.1,3,4,4.0,1,1,5.96,8.36,27.8,9,0,1,Medium,50677.854,0.1785714285714285,0.4,1.3333333333333333,3.3666666666666667,9049.616785714285,30
PRJ-00883,Renovation,Central,261275.42,273317.09,4.61,81,97,19.91,7,,6,6,4.0,0,3,2.1,1.36,20.7,8,4,0,Low,37325.060000000005,0.0864197530864197,0.8571428571428571,0.6666666666666666,,3225.6224691358025,42
PRJ-01097,Residential,North,550762.54,614038.96,11.49,86,116,35.04,11,8.9,4,5,3.0,1,6,11.56,11.37,29.2,4,2,2,Medium,50069.32181818182,0.127906976744186,0.4545454545454545,0.75,2.225,6404.21558139535,44
PRJ-01196,Residential,South,339384.21,422661.48,24.54,55,70,28.01,8,3.4,9,8,,2,6,3.19,10.43,74.1,2,1,1,Medium,42423.02625,0.1454545454545454,1.0,,0.3777777777777777,6170.622,72
PRJ-00688,Renovation,North,924870.3,1133401.38,22.55,106,141,33.1,13,10.0,1,4,3.0,0,4,8.68,12.81,37.0,2,3,1,Medium,71143.86923076924,0.1226415094339622,0.3076923076923077,3.0,10.0,8725.191509433962,13
PRJ-00033,Commercial,North,1103462.69,1396537.98,26.56,68,92,35.54,16,9.2,8,6,5.0,3,4,6.99,7.7,53.4,5,2,3,Medium,68966.418125,0.2352941176470588,0.375,0.625,1.15,16227.3925,128
PRJ-00640,Infrastructure,North,297235.78,331849.34,11.65,57,68,19.11,8,8.6,9,10,6.0,2,4,6.28,4.48,46.7,6,2,2,Medium,37154.4725,0.1403508771929824,1.25,0.6666666666666666,0.9555555555555556,5214.662807017545,72
PRJ-01053,Residential,East,128227.46,133509.38,4.12,66,61,-7.62,7,17.1,1,6,2.0,0,1,0.0,-5.38,17.9,6,3,1,Low,18318.20857142857,0.106060606060606,0.8571428571428571,2.0,17.1,1942.8403030303032,7
PRJ-00195,Residential,South,551740.94,677883.61,22.86,66,86,29.62,11,6.2,2,4,4.0,1,5,8.47,7.59,32.8,2,5,2,Medium,50158.26727272727,0.1666666666666666,0.3636363636363636,2.0,3.1,8359.711212121212,22
PRJ-01120,Renovation,Central,134594.74,150935.91,12.14,62,70,12.25,6,7.7,6,4,4.0,0,1,1.67,0.29,58.0,6,3,3,Low,22432.456666666665,0.0967741935483871,0.6666666666666666,0.6666666666666666,1.2833333333333334,2170.8829032258063,36
PRJ-01128,Industrial,North,441650.2,523375.23,18.5,68,91,34.34,10,9.8,6,12,6.0,6,2,1.66,3.73,18.1,7,1,1,Medium,44165.02,0.1470588235294117,1.2,1.0,1.6333333333333335,6494.855882352941,60
PRJ-00981,Renovation,Central,358027.26,456145.11,27.41,56,78,39.14,7,10.4,7,12,2.0,2,1,6.33,13.61,81.1,3,4,1,Medium,51146.75142857143,0.125,1.7142857142857142,0.2857142857142857,1.4857142857142858,6393.3439285714285,49
PRJ-00504,Commercial,West,52074.91,65667.39,26.1,74,86,16.64,6,9.7,5,6,1.0,2,0,7.0,6.64,27.1,7,3,0,Medium,8679.151666666667,0.081081081081081,1.0,0.2,1.94,703.715,30
PRJ-00916,Renovation,Central,291285.06,307414.67,5.54,50,56,12.89,8,13.1,4,7,1.0,2,1,5.39,8.72,38.6,3,0,0,Low,36410.6325,0.16,0.875,0.25,3.275,5825.7012,32
PRJ-01007,Renovation,South,984820.42,1147835.82,16.55,76,95,25.06,18,8.7,2,7,6.0,1,1,6.19,9.23,14.8,6,5,0,Medium,54712.24555555556,0.2368421052631578,0.3888888888888889,3.0,4.35,12958.163421052632,36
PRJ-01198,Industrial,East,65163.02,74460.16,14.27,55,67,21.14,6,14.2,5,10,0.0,0,4,3.33,0.18,33.8,9,4,0,Low,10860.503333333332,0.109090909090909,1.6666666666666667,0.0,2.84,1184.7821818181817,30
PRJ-01102,Commercial,West,325903.13,345117.74,5.9,69,74,7.79,9,9.5,5,12,4.0,0,1,2.15,6.72,41.7,4,0,2,Low,36211.45888888889,0.1304347826086956,1.3333333333333333,0.8,1.9,4723.233768115942,45
PRJ-00801,Infrastructure,Central,941859.4,1010146.24,7.25,85,108,27.65,15,17.3,6,6,2.0,0,2,6.96,14.49,77.1,6,4,0,Low,62790.62666666667,0.1764705882352941,0.4,0.3333333333333333,2.8833333333333333,11080.698823529412,90
PRJ-00580,Commercial,East,5339765.54,7885480.58,47.67,237,371,56.61,72,9.3,10,11,5.0,5,10,15.07,17.49,93.9,4,1,1,High,74163.41027777777,0.3037974683544304,0.1527777777777778,0.5,0.93,22530.65628691983,720
PRJ-00161,Residential,East,1113271.16,1367409.98,22.83,65,82,26.3,20,10.4,2,3,5.0,2,5,7.73,5.71,44.1,1,0,1,Medium,55663.558,0.3076923076923077,0.15,2.5,5.2,17127.248615384615,40
PRJ-00681,Residential,East,567373.4,750921.93,32.35,58,82,41.61,11,8.8,8,4,3.0,1,9,6.27,6.41,35.9,5,1,2,High,51579.4,0.1896551724137931,0.3636363636363636,0.375,1.1,9782.3,88
PRJ-00957,Infrastructure,North,158548.18,198453.35,25.17,62,77,24.49,6,7.0,4,10,4.0,3,3,3.65,5.72,67.0,7,3,2,Medium,26424.696666666667,0.0967741935483871,1.6666666666666667,1.0,1.75,2557.2287096774194,24
PRJ-01145,Commercial,North,124760.28,144339.44,15.69,61,72,18.37,6,17.3,4,3,1.0,1,2,7.08,9.66,11.5,8,1,0,Medium,20793.38,0.0983606557377049,0.5,0.25,4.325,2045.2504918032787,24
PRJ-00163,Residential,West,118235.37,116814.12,-1.2,77,75,-2.32,6,32.9,4,9,1.0,0,0,0.0,-0.57,7.6,3,4,0,Low,19705.895,0.0779220779220779,1.5,0.25,8.225,1535.5242857142855,24
PRJ-00822,Industrial,South,1382873.45,1598268.86,15.58,106,117,10.4,16,21.5,7,6,3.0,0,2,1.07,3.46,17.7,5,1,0,Low,86429.590625,0.1509433962264151,0.375,0.4285714285714285,3.071428571428572,13045.975943396226,112
PRJ-00706,Industrial,South,384942.91,455324.07,18.28,87,103,18.1,10,8.4,3,10,0.0,0,3,7.3,11.75,31.7,3,5,1,Medium,38494.291,0.1149425287356321,1.0,0.0,2.8000000000000003,4424.631149425287,30
PRJ-01032,Infrastructure,West,263279.47,307516.67,16.8,58,70,21.28,8,6.1,7,4,2.0,2,4,9.4,11.34,64.4,8,2,1,Medium,32909.93375,0.1379310344827586,0.5,0.2857142857142857,0.8714285714285713,4539.301206896551,56
PRJ-00878,Commercial,South,1234514.74,1456412.61,17.97,101,113,11.82,13,15.7,3,6,1.0,0,2,2.38,2.04,56.7,3,4,0,Low,94962.67230769232,0.1287128712871287,0.4615384615384615,0.3333333333333333,5.233333333333333,12222.918217821782,39
PRJ-00896,Renovation,West,1408352.47,1585322.57,12.57,78,94,20.87,20,16.8,6,8,1.0,2,2,5.52,10.86,66.0,5,2,1,Medium,70417.6235,0.2564102564102564,0.4,0.1666666666666666,2.8000000000000003,18055.800897435896,120
PRJ-00914,Renovation,South,824025.13,1119429.45,35.85,80,113,41.45,11,4.7,9,12,7.0,2,8,12.35,19.31,82.3,4,3,3,High,74911.37545454546,0.1375,1.0909090909090908,0.7777777777777778,0.5222222222222223,10300.314125,99
PRJ-00153,Residential,South,654686.98,696378.05,6.37,70,78,11.37,10,23.8,7,8,3.0,1,1,2.82,5.9,32.8,4,4,0,Low,65468.698,0.1428571428571428,0.8,0.4285714285714285,3.4,9352.671142857143,70
PRJ-01009,Infrastructure,West,236892.33,283576.95,19.71,68,75,10.8,7,9.5,3,4,7.0,1,3,0.0,-2.82,38.1,9,0,0,Low,33841.76142857143,0.1029411764705882,0.5714285714285714,2.333333333333333,3.1666666666666665,3483.710735294117,21
PRJ-01161,Residential,North,2298710.47,2655253.69,15.51,136,181,33.42,33,8.3,4,5,1.0,4,2,5.63,5.64,71.5,9,1,1,Medium,69657.89303030304,0.2426470588235294,0.1515151515151515,0.25,2.075,16902.28286764706,132
PRJ-00510,Residential,South,764981.22,973756.58,27.29,88,107,21.66,15,11.5,6,7,3.0,2,3,5.55,18.39,41.8,3,2,0,Medium,50998.748,0.1704545454545454,0.4666666666666667,0.5,1.9166666666666667,8692.968409090909,90
PRJ-00112,Residential,Central,316886.72,346612.67,9.38,82,90,9.79,7,16.4,2,4,,0,2,0.0,1.77,25.8,8,2,1,Low,45269.53142857143,0.0853658536585365,0.5714285714285714,,8.2,3864.472195121951,14
PRJ-00227,Residential,Central,352619.01,448191.98,27.1,71,94,32.99,10,7.3,10,10,7.0,1,5,4.26,16.03,36.4,6,1,4,Medium,35261.901,0.1408450704225352,1.0,0.7,0.73,4966.464929577465,100
PRJ-01016,Residential,East,355082.0,395482.47,11.38,66,88,32.65,8,16.5,4,8,3.0,3,3,4.26,7.76,36.7,0,4,0,Medium,44385.25,0.1212121212121212,1.0,0.75,4.125,5380.030303030303,32
PRJ-00852,Residential,West,931410.63,1050890.68,12.83,58,74,26.74,14,9.3,8,7,6.0,2,2,4.68,8.42,54.9,6,2,1,Medium,66529.33071428571,0.2413793103448276,0.5,0.75,1.1625,16058.803965517242,112
PRJ-00104,Renovation,North,798153.53,982475.09,23.09,88,116,32.03,15,5.8,4,7,1.0,3,3,12.38,18.72,83.6,6,2,2,Medium,53210.23533333334,0.1704545454545454,0.4666666666666667,0.25,1.45,9069.926477272727,60
PRJ-00422,Residential,Central,761241.68,891420.63,17.1,87,92,5.5,15,23.7,6,5,3.0,1,0,7.8,19.45,29.7,2,4,1,Low,50749.44533333334,0.1724137931034483,0.3333333333333333,0.5,3.95,8749.904367816092,90
PRJ-00420,Renovation,West,682096.07,822589.37,20.6,94,128,35.86,11,6.0,4,5,4.0,3,6,9.23,7.48,61.6,2,2,1,Medium,62008.73363636364,0.1170212765957446,0.4545454545454545,1.0,1.5,7256.341170212765,44
PRJ-00968,Residential,South,261230.74,313562.56,20.03,50,61,22.1,7,14.4,4,7,0.0,2,5,5.09,4.27,44.3,3,3,1,Medium,37318.677142857145,0.14,1.0,0.0,3.6,5224.614799999999,28
PRJ-00625,Renovation,South,901041.44,1087342.02,20.68,99,124,25.57,16,15.4,1,4,3.0,0,4,4.23,,60.8,4,4,1,Medium,56315.09,0.1616161616161616,0.25,3.0,15.4,9101.428686868689,16
PRJ-00587,Residential,West,373350.33,413489.75,10.75,62,77,23.68,9,15.3,6,4,3.0,1,4,2.46,14.6,44.0,5,4,0,Low,41483.37,0.1451612903225806,0.4444444444444444,0.5,2.5500000000000003,6021.779516129032,54
PRJ-01075,Infrastructure,South,1069397.5,1166452.86,9.08,106,125,18.32,12,8.7,5,6,7.0,1,2,5.73,0.41,51.5,8,4,1,Low,89116.45833333333,0.1132075471698113,0.5,1.4,1.7399999999999998,10088.65566037736,60
PRJ-00920,Industrial,North,1810659.28,2097437.61,15.84,83,102,22.96,21,11.9,4,5,8.0,2,5,6.66,12.98,39.3,1,3,1,Medium,86221.87047619048,0.253012048192771,0.238095238095238,2.0,2.975,21815.172048192773,84
PRJ-00673,Renovation,South,2280373.26,2618821.76,14.84,84,105,24.86,28,14.5,5,8,5.0,2,4,3.8,12.01,58.1,2,2,1,Medium,81441.90214285713,0.3333333333333333,0.2857142857142857,1.0,2.9,27147.30071428572,140
PRJ-00120,Industrial,Central,853282.46,996580.75,16.79,96,113,17.87,15,13.2,3,4,2.0,0,4,6.95,10.27,16.8,2,3,0,Medium,56885.49733333333,0.15625,0.2666666666666666,0.6666666666666666,4.4,8888.358958333332,45
PRJ-00054,Industrial,East,76302.88,90937.52,19.18,66,81,22.97,6,5.0,7,6,2.0,0,5,11.65,18.57,50.1,4,1,2,Medium,12717.146666666667,0.0909090909090909,1.0,0.2857142857142857,0.7142857142857143,1156.1042424242426,42
PRJ-00152,Renovation,South,289858.21,325333.29,12.24,82,99,20.45,8,12.7,7,4,4.0,1,2,3.3,13.09,44.2,5,8,0,Low,36232.27625,0.0975609756097561,0.5,0.5714285714285714,1.8142857142857145,3534.856219512196,56
PRJ-00404,Residential,North,276679.54,331789.78,19.92,84,95,12.73,7,12.9,5,4,2.0,1,7,6.87,6.9,50.5,4,4,2,Medium,39525.648571428566,0.0833333333333333,0.5714285714285714,0.4,2.58,3293.804047619047,35
PRJ-00208,Industrial,South,228445.06,230643.58,0.96,66,66,0.05,8,16.8,4,4,2.0,1,2,6.79,4.69,4.1,5,2,0,Low,28555.6325,0.1212121212121212,0.5,0.5,4.2,3461.288787878788,32
PRJ-01149,Commercial,South,459117.76,566373.24,23.36,62,76,23.12,10,26.7,3,4,2.0,1,1,8.47,11.89,43.2,2,2,0,Medium,45911.776,0.1612903225806451,0.4,0.6666666666666666,8.9,7405.125161290322,30
PRJ-00659,Industrial,South,1500166.77,2083157.0,38.86,95,133,39.78,18,10.7,4,8,3.0,2,5,9.54,24.4,72.9,4,3,2,High,83342.59833333333,0.1894736842105263,0.4444444444444444,0.75,2.675,15791.229157894735,72
PRJ-01111,Residential,Central,1752199.0,2045910.65,16.76,73,88,21.0,26,11.9,4,7,0.0,1,4,7.66,4.78,51.4,4,3,0,Medium,67392.26923076923,0.3561643835616438,0.2692307692307692,0.0,2.975,24002.72602739726,104
PRJ-00233,Renovation,Central,130063.87,144213.5,10.88,56,59,5.48,6,31.5,2,5,2.0,1,1,1.98,-2.91,32.2,6,5,0,Low,21677.311666666665,0.1071428571428571,0.8333333333333334,1.0,15.75,2322.569107142857,12
PRJ-00009,Residential,East,388537.15,489924.67,26.09,58,73,25.09,10,18.4,5,8,1.0,3,3,2.72,13.62,51.5,6,2,3,Medium,38853.715,0.1724137931034483,0.8,0.2,3.68,6698.916379310345,50
PRJ-00160,Infrastructure,East,254118.48,309070.97,21.62,49,66,34.92,8,16.0,9,8,7.0,1,7,7.9,,84.3,10,3,2,Medium,31764.81,0.1632653061224489,1.0,0.7777777777777778,1.7777777777777777,5186.091428571429,72
PRJ-00037,Residential,West,337496.99,334925.16,-0.76,66,67,1.65,9,12.9,3,6,3.0,2,2,0.0,11.58,5.0,6,0,2,Low,37499.66555555556,0.1363636363636363,0.6666666666666666,1.0,4.3,5113.590757575757,27
PRJ-00453,Infrastructure,North,299305.36,341590.41,14.13,84,86,2.62,7,22.0,5,8,2.0,0,2,3.77,0.86,33.8,10,3,0,Low,42757.90857142857,0.0833333333333333,1.1428571428571428,0.4,4.4,3563.159047619048,35
PRJ-00652,Renovation,North,52314.25,58892.17,12.57,55,68,24.33,5,6.2,1,6,1.0,0,6,4.15,9.37,53.0,4,5,3,Medium,10462.85,0.0909090909090909,1.2,1.0,6.2,951.1681818181818,5
PRJ-00254,Residential,South,141763.04,164098.01,15.76,57,72,26.46,7,15.5,6,9,4.0,1,6,3.0,14.07,64.2,3,2,1,Medium,20251.86285714286,0.1228070175438596,1.2857142857142858,0.6666666666666666,2.583333333333333,2487.0708771929826,42
PRJ-00304,Commercial,Central,120294.22,156345.66,29.97,63,87,37.9,6,10.1,9,10,6.0,2,4,7.5,13.71,51.7,1,3,0,Medium,20049.036666666667,0.0952380952380952,1.6666666666666667,0.6666666666666666,1.1222222222222222,1909.432063492064,54
PRJ-00897,Residential,South,210212.0,253825.38,20.75,79,91,15.48,7,10.5,1,2,4.0,2,2,4.58,2.85,40.7,2,2,0,Medium,30030.28571428572,0.0886075949367088,0.2857142857142857,4.0,10.5,2660.9113924050635,7
PRJ-01063,Residential,Central,944921.26,1165826.65,23.38,88,118,33.68,15,7.2,4,9,6.0,2,4,7.93,8.96,81.8,1,0,0,Medium,62994.75066666667,0.1704545454545454,0.6,1.5,1.8,10737.74159090909,60
PRJ-00881,Commercial,North,364923.19,379932.63,4.11,76,80,4.66,9,26.6,3,4,2.0,2,1,0.0,2.57,18.8,5,1,1,Low,40547.02111111111,0.1184210526315789,0.4444444444444444,0.6666666666666666,8.866666666666667,4801.620921052631,27
PRJ-00572,Infrastructure,North,515311.31,580371.78,12.63,88,91,3.64,9,17.0,5,8,2.0,1,2,0.08,5.31,39.2,12,3,2,Low,57256.81222222222,0.1022727272727272,0.8888888888888888,0.4,3.4,5855.810340909091,45
PRJ-01012,Industrial,Central,930188.26,991408.88,6.58,73,95,30.82,12,10.9,4,11,2.0,2,1,3.9,0.16,60.1,4,3,1,Low,77515.68833333334,0.1643835616438356,0.9166666666666666,0.5,2.725,12742.30493150685,48
PRJ-01147,Infrastructure,East,272832.33,328951.57,20.57,75,89,19.25,9,8.6,6,9,3.0,3,3,9.49,5.63,50.6,7,0,2,Medium,30314.70333333333,0.12,1.0,0.5,1.4333333333333331,3637.7644,54
PRJ-00624,Commercial,North,345817.48,426745.65,23.4,58,70,21.1,7,4.3,6,10,1.0,2,3,7.57,18.39,68.7,4,3,2,Medium,49402.49714285714,0.1206896551724138,1.4285714285714286,0.1666666666666666,0.7166666666666667,5962.3703448275855,42
PRJ-00346,Infrastructure,East,232713.29,289283.19,24.31,81,106,31.05,7,12.1,6,6,4.0,4,5,4.84,17.24,51.6,10,2,0,Medium,33244.75571428572,0.0864197530864197,0.8571428571428571,0.6666666666666666,2.0166666666666666,2873.0035802469138,42
PRJ-00263,Commercial,North,679384.6,742586.78,9.3,73,74,1.57,10,8.9,2,3,3.0,0,3,0.67,7.11,36.5,1,1,1,Low,67938.45999999999,0.136986301369863,0.3,1.5,4.45,9306.638356164383,20
PRJ-00151,Infrastructure,West,505139.6,664243.92,31.5,52,66,27.42,9,10.0,3,4,2.0,2,2,3.17,4.61,65.3,4,2,1,Medium,56126.62222222222,0.173076923076923,0.4444444444444444,0.6666666666666666,3.333333333333333,9714.223076923075,27
PRJ-00473,Residential,Central,567820.47,645848.59,13.74,85,103,21.53,11,18.9,7,4,5.0,2,3,5.29,11.25,30.1,3,0,1,Medium,51620.042727272725,0.1294117647058823,0.3636363636363636,0.7142857142857143,2.7,6680.240823529412,77
PRJ-00641,Infrastructure,South,375131.61,463864.41,23.65,66,92,39.59,8,14.7,8,10,5.0,1,2,8.8,18.77,25.8,12,1,3,Medium,46891.45125,0.1212121212121212,1.25,0.625,1.8375,5683.812272727272,64
PRJ-01144,Infrastructure,West,267158.15,317682.72,18.91,68,86,27.06,8,10.9,5,6,5.0,0,2,4.37,3.31,44.1,7,2,1,Medium,33394.76875,0.1176470588235294,0.75,1.0,2.18,3928.796323529412,40
PRJ-00551,Commercial,North,447771.45,535924.95,19.69,66,91,38.12,8,9.6,8,12,3.0,1,4,4.84,15.72,23.8,1,2,2,Medium,55971.43125,0.1212121212121212,1.5,0.375,1.2,6784.415909090909,64
PRJ-00929,Industrial,South,502349.87,567230.79,12.92,81,105,29.76,9,13.7,8,5,4.0,0,4,1.71,12.33,49.2,4,2,1,Medium,55816.65222222222,0.1111111111111111,0.5555555555555556,0.5,1.7125,6201.85024691358,72
PRJ-00489,Industrial,North,253098.3,313641.98,23.92,85,103,21.17,8,14.4,2,6,3.0,0,2,10.29,6.35,31.9,6,2,1,Medium,31637.2875,0.0941176470588235,0.75,1.5,7.2,2977.6270588235293,16
PRJ-01095,Industrial,Central,1603704.97,1836712.0,14.53,98,123,25.99,19,17.5,8,8,7.0,1,2,3.82,13.26,28.2,5,5,2,Medium,84405.5247368421,0.1938775510204081,0.4210526315789473,0.875,2.1875,16364.336428571429,152
PRJ-00147,Commercial,West,393555.17,479806.0,21.92,77,102,31.85,8,10.0,5,4,4.0,3,3,4.32,7.78,58.5,4,1,3,Medium,49194.39625,0.1038961038961039,0.5,0.8,2.0,5111.106103896103,40
PRJ-00403,Infrastructure,Central,226505.65,275509.47,21.63,80,102,27.46,7,8.1,4,4,2.0,4,3,5.53,,30.4,11,2,2,Medium,32357.95,0.0875,0.5714285714285714,0.5,2.025,2831.320625,28
PRJ-00955,Renovation,Central,835578.24,989366.91,18.41,87,104,20.08,14,15.8,6,4,6.0,3,4,8.39,11.96,85.2,3,3,1,Medium,59684.16,0.160919540229885,0.2857142857142857,1.0,2.6333333333333333,9604.347586206895,84
PRJ-01139,Residential,East,148842.08,174594.18,17.3,60,78,29.27,7,14.5,5,4,3.0,3,5,6.1,2.03,71.5,5,1,1,Medium,21263.154285714285,0.1166666666666666,0.5714285714285714,0.6,2.9,2480.701333333333,35
PRJ-00660,Commercial,South,226277.04,243568.73,7.64,53,65,23.51,8,23.8,7,8,4.0,1,2,7.14,1.98,8.9,5,1,1,Low,28284.63,0.1509433962264151,1.0,0.5714285714285714,3.4,4269.378113207547,56
PRJ-00464,Commercial,West,480898.5,544003.8,13.12,59,78,31.98,11,11.1,5,4,1.0,1,3,6.13,6.41,71.4,5,1,2,Medium,43718.045454545456,0.1864406779661017,0.3636363636363636,0.2,2.22,8150.822033898305,55
PRJ-00187,Commercial,South,62172.65,70800.44,13.88,69,84,21.41,5,7.7,7,6,5.0,2,2,6.77,9.73,51.0,1,1,2,Medium,12434.53,0.072463768115942,1.2,0.7142857142857143,1.1,901.0528985507246,35
PRJ-00609,Infrastructure,West,1676282.8,2167428.37,29.3,95,134,40.67,25,7.7,4,7,1.0,3,5,6.77,7.38,75.2,6,3,1,High,67051.312,0.2631578947368421,0.28,0.25,1.925,17645.082105263158,100
PRJ-00144,Industrial,South,268574.83,308473.85,14.86,50,62,24.71,7,22.1,2,1,2.0,2,3,0.05,0.51,43.8,4,2,1,Medium,38367.83285714286,0.14,0.1428571428571428,1.0,11.05,5371.4966,14
PRJ-00752,Commercial,South,999223.21,1284756.07,28.58,94,133,41.64,15,4.2,6,10,7.0,1,4,8.4,13.39,69.0,1,5,3,Medium,66614.88066666666,0.1595744680851064,0.6666666666666666,1.1666666666666667,0.7000000000000001,10630.034148936167,90
PRJ-00982,Infrastructure,West,4042683.43,5413988.87,33.92,157,231,46.86,31,9.3,5,8,4.0,2,2,7.75,17.65,56.3,3,3,4,High,130409.14290322582,0.197452229299363,0.2580645161290322,0.8,1.86,25749.57598726115,155
PRJ-00198,Infrastructure,West,537010.2,629463.08,17.22,84,93,10.45,11,25.0,5,8,1.0,1,4,1.99,10.82,31.6,7,2,0,Low,48819.109090909085,0.1309523809523809,0.7272727272727273,0.2,5.0,6392.978571428571,55
PRJ-00884,Commercial,North,751462.16,868526.83,15.58,80,107,33.15,13,11.2,1,4,3.0,3,5,6.93,11.09,56.0,5,1,1,Medium,57804.78153846154,0.1625,0.3076923076923077,3.0,11.2,9393.277,13
PRJ-00280,Infrastructure,South,291763.8,330417.03,13.25,76,101,33.45,7,6.8,4,7,4.0,2,6,7.99,9.29,84.4,5,1,0,Medium,41680.54285714286,0.0921052631578947,1.0,1.0,1.7,3838.9973684210527,28
PRJ-00294,Residential,East,882205.73,1091655.33,23.74,61,69,13.82,16,18.9,5,8,1.0,0,2,3.67,9.5,35.5,3,3,0,Medium,55137.858125,0.2622950819672131,0.5,0.2,3.78,14462.389016393445,80
PRJ-01103,Infrastructure,South,198627.94,245151.52,23.42,64,80,24.99,8,8.3,8,8,3.0,2,3,0.03,12.8,66.9,9,1,1,Medium,24828.4925,0.125,1.0,0.375,1.0375,3103.5615625,64
PRJ-00401,Commercial,West,213521.25,222774.7,4.33,66,69,4.37,7,17.8,5,10,3.0,0,2,2.19,5.51,0.0,2,2,0,Low,30503.03571428572,0.106060606060606,1.4285714285714286,0.6,3.56,3235.1704545454545,35
PRJ-00123,Residential,South,102387.91,107574.33,5.07,70,77,9.65,6,11.8,1,4,3.0,0,0,4.12,5.57,42.6,2,3,3,Low,17064.65166666667,0.0857142857142857,0.6666666666666666,3.0,11.8,1462.6844285714287,6
PRJ-00203,Commercial,West,261072.53,318843.05,22.13,54,68,26.02,7,9.5,4,8,1.0,3,5,4.42,7.24,31.8,3,1,1,Medium,37296.07571428571,0.1296296296296296,1.1428571428571428,0.25,2.375,4834.6764814814815,28
PRJ-00836,Industrial,East,675252.81,870987.59,28.99,75,101,35.26,10,9.8,5,4,2.0,2,3,7.38,7.47,58.7,4,1,2,Medium,67525.281,0.1333333333333333,0.4,0.4,1.96,9003.3708,50
PRJ-00247,Industrial,East,554969.8,693634.0,24.99,77,112,45.27,10,7.3,7,8,2.0,4,4,9.43,19.46,46.2,6,3,1,High,55496.98,0.1298701298701298,0.8,0.2857142857142857,1.042857142857143,7207.400000000001,70
PRJ-01154,Residential,West,285931.99,295005.99,3.17,73,87,18.62,7,17.2,5,4,3.0,2,2,2.36,9.53,30.3,5,3,0,Low,40847.427142857145,0.0958904109589041,0.5714285714285714,0.6,3.44,3916.8765753424655,35
PRJ-00385,Commercial,Central,328091.67,415350.78,26.6,52,64,23.44,10,15.1,8,9,4.0,1,6,5.77,5.91,33.4,5,4,1,Medium,32809.167,0.1923076923076923,0.9,0.5,1.8875,6309.455192307692,80
PRJ-00855,Residential,South,928521.52,1284271.38,38.31,78,117,49.87,16,7.4,9,10,5.0,7,10,8.78,22.3,84.2,8,2,4,High,58032.595,0.2051282051282051,0.625,0.5555555555555556,0.8222222222222223,11904.122051282053,144
PRJ-00220,Commercial,Central,80510.75,97206.78,20.74,48,59,22.76,6,9.2,5,6,2.0,2,5,3.41,9.09,25.5,3,4,3,Medium,13418.458333333334,0.125,1.0,0.4,1.84,1677.3072916666667,30
PRJ-00642,Infrastructure,South,247759.2,295440.37,19.24,55,78,42.16,7,4.1,8,8,7.0,6,6,7.69,14.67,74.3,12,2,4,High,35394.17142857143,0.1272727272727272,1.1428571428571428,0.875,0.5125,4504.712727272728,56
PRJ-00002,Commercial,East,174967.35,218565.65,24.92,55,69,25.84,7,7.0,7,10,1.0,3,2,7.27,0.7,41.0,5,2,3,Medium,24995.33571428572,0.1272727272727272,1.4285714285714286,0.1428571428571428,1.0,3181.224545454545,49
PRJ-00113,Commercial,Central,546895.42,718388.53,31.36,54,63,17.45,8,15.4,7,6,4.0,3,3,6.85,16.11,55.3,0,0,1,Medium,68361.9275,0.1481481481481481,0.75,0.5714285714285714,2.2,10127.692962962965,56
PRJ-00699,Industrial,North,479564.41,576048.63,20.12,69,80,15.64,11,5.3,4,6,6.0,0,4,8.81,9.2,53.2,2,0,3,Medium,43596.76454545454,0.1594202898550724,0.5454545454545454,1.5,1.325,6950.208840579709,44
PRJ-00952,Residential,Central,580724.88,730789.83,25.84,54,74,37.13,9,19.9,6,5,2.0,1,3,5.69,10.19,54.1,1,0,3,Medium,64524.98666666666,0.1666666666666666,0.5555555555555556,0.3333333333333333,3.3166666666666664,10754.164444444445,54
PRJ-01093,Commercial,South,1064893.81,1346907.97,26.48,104,146,40.19,19,6.1,6,5,2.0,6,2,8.67,15.08,63.1,3,2,1,High,56047.04263157895,0.1826923076923076,0.2631578947368421,0.3333333333333333,1.0166666666666666,10239.363557692308,114
PRJ-00442,Residential,West,364530.59,423842.05,16.27,74,97,31.04,10,11.2,6,3,3.0,0,4,5.19,10.19,41.8,8,1,0,Medium,36453.059,0.1351351351351351,0.3,0.5,1.8666666666666665,4926.089054054054,60
PRJ-00664,Residential,North,82861.49,79844.2,-3.64,66,72,9.04,6,21.3,1,6,4.0,2,1,3.76,-4.18,13.9,4,2,0,Low,13810.248333333337,0.0909090909090909,1.0,4.0,21.3,1255.4771212121211,6
PRJ-01110,Residential,South,700202.49,890693.57,27.21,77,93,21.18,11,5.4,5,4,1.0,2,3,3.2,14.69,63.7,2,0,5,Medium,63654.77181818182,0.1428571428571428,0.3636363636363636,0.2,1.08,9093.538831168831,55
PRJ-00318,Industrial,West,465490.53,562465.21,20.83,57,74,30.27,11,14.3,6,5,6.0,0,3,4.53,7.35,32.2,8,1,4,Medium,42317.32090909092,0.1929824561403508,0.4545454545454545,1.0,2.3833333333333333,8166.50052631579,66
PRJ-00649,Industrial,North,100433.72,124093.11,23.56,57,68,19.77,6,16.2,5,6,3.0,3,1,3.58,8.43,5.6,3,2,0,Medium,16738.953333333335,0.1052631578947368,1.0,0.6,3.24,1761.9950877192982,30
PRJ-00710,Commercial,South,297611.11,335915.46,12.87,54,64,18.71,8,6.2,4,8,5.0,0,5,2.72,8.9,67.2,5,1,0,Low,37201.38875,0.1481481481481481,1.0,1.25,1.55,5511.316851851851,32
PRJ-00973,Residential,South,141777.28,155508.1,9.68,62,68,9.97,6,11.2,1,2,7.0,1,2,3.33,,16.1,7,2,2,Low,23629.546666666665,0.0967741935483871,0.3333333333333333,7.0,11.2,2286.730322580645,6
PRJ-00628,Residential,West,818831.92,872577.74,6.56,71,80,12.11,15,11.0,6,4,4.0,0,2,4.34,6.8,47.2,3,3,0,Low,54588.79466666667,0.2112676056338028,0.2666666666666666,0.6666666666666666,1.8333333333333333,11532.843943661972,90
PRJ-00633,Residential,East,424855.47,498173.61,17.26,67,77,15.53,10,11.0,6,5,2.0,1,5,4.66,11.08,60.4,5,3,1,Medium,42485.547,0.1492537313432835,0.5,0.3333333333333333,1.8333333333333333,6341.126417910447,60
PRJ-01186,Infrastructure,South,452256.08,506615.64,12.02,79,103,30.86,9,6.7,4,3,1.0,2,0,6.99,12.49,55.5,9,1,2,Medium,50250.67555555556,0.1139240506329113,0.3333333333333333,0.25,1.675,5724.760506329114,36
PRJ-01121,Industrial,Central,272808.56,308431.33,13.06,57,65,14.91,7,22.5,6,7,4.0,2,6,7.56,6.5,46.9,3,4,2,Medium,38972.65142857143,0.1228070175438596,1.0,0.6666666666666666,3.75,4786.115087719299,42
PRJ-00796,Commercial,North,299459.74,341718.46,14.11,78,104,32.7,9,9.0,4,4,0.0,2,3,4.85,11.82,54.2,3,1,2,Medium,33273.304444444446,0.1153846153846153,0.4444444444444444,0.0,2.25,3839.227435897436,36
PRJ-00646,Infrastructure,Central,569808.63,626301.84,9.91,67,77,14.49,10,16.6,2,8,0.0,3,0,3.66,9.2,38.0,14,2,1,Low,56980.863,0.1492537313432835,0.8,0.0,8.3,8504.606417910449,20
PRJ-01013,Commercial,South,884613.75,1070698.84,21.04,98,121,23.92,11,10.1,4,8,3.0,2,1,7.68,4.3,34.5,3,3,1,Medium,80419.43181818182,0.1122448979591836,0.7272727272727273,0.75,2.525,9026.670918367348,44
PRJ-00557,Commercial,North,465257.09,582772.99,25.26,84,114,36.28,12,9.6,5,2,0.0,1,5,4.83,16.72,54.1,4,2,1,Medium,38771.42416666667,0.1428571428571428,0.1666666666666666,0.0,1.92,5538.774880952381,60
PRJ-00682,Residential,Central,1083801.58,1342582.48,23.88,77,90,16.68,19,18.4,5,8,3.0,0,2,7.43,-0.8,33.6,8,3,0,Medium,57042.18842105263,0.2467532467532467,0.4210526315789473,0.6,3.68,14075.345194805195,95
PRJ-00578,Industrial,Central,284251.09,368000.02,29.46,67,91,36.07,7,8.6,6,5,2.0,0,3,7.87,9.51,57.9,5,5,1,Medium,40607.298571428575,0.1044776119402985,0.7142857142857143,0.3333333333333333,1.4333333333333331,4242.553582089553,42
PRJ-00525,Residential,East,447763.3,481431.89,7.52,86,95,10.4,8,15.0,3,6,3.0,0,1,5.81,5.02,48.9,3,4,1,Low,55970.4125,0.0930232558139534,0.75,1.0,5.0,5206.55,24
PRJ-01060,Infrastructure,South,118632.81,151788.82,27.95,64,96,50.58,6,6.6,9,6,4.0,0,8,9.05,17.22,58.3,5,7,0,High,19772.135,0.09375,1.0,0.4444444444444444,0.7333333333333333,1853.63765625,54
PRJ-00541,Renovation,West,225257.27,242574.14,7.69,78,91,16.11,7,11.8,5,6,4.0,2,2,4.18,5.4,22.4,4,2,1,Low,32179.61,0.0897435897435897,0.8571428571428571,0.8,2.3600000000000003,2887.913717948718,35
PRJ-00749,Infrastructure,Central,1012042.69,1091275.16,7.83,100,132,32.46,18,13.2,8,10,5.0,2,5,7.27,8.93,46.9,10,4,0,Medium,56224.593888888885,0.18,0.5555555555555556,0.625,1.65,10120.4269,144
PRJ-00485,Residential,South,214187.22,250713.29,17.05,56,67,19.67,7,11.3,5,8,3.0,0,0,2.75,8.58,54.0,5,1,4,Low,30598.174285714285,0.125,1.1428571428571428,0.6,2.26,3824.7717857142857,35
PRJ-00096,Industrial,South,337930.62,379509.7,12.3,54,65,20.45,9,26.0,4,8,3.0,1,1,2.77,-1.4,20.2,2,2,3,Low,37547.846666666665,0.1666666666666666,0.8888888888888888,0.75,6.5,6257.974444444444,36
PRJ-01021,Renovation,East,291437.14,338564.48,16.17,57,69,20.2,8,26.7,5,10,3.0,2,5,2.36,7.23,50.1,8,2,1,Medium,36429.6425,0.1403508771929824,1.25,0.6,5.34,5112.932280701754,40
PRJ-00564,Industrial,North,645330.85,785112.99,21.66,88,108,22.69,10,,6,6,7.0,1,1,7.26,6.97,33.6,2,1,1,Medium,64533.085,0.1136363636363636,0.6,1.1666666666666667,,7333.305113636364,60
PRJ-00743,Infrastructure,East,1340680.15,1499359.46,11.84,83,105,26.84,16,19.1,7,6,6.0,1,3,3.36,6.83,65.0,10,2,3,Medium,83792.509375,0.1927710843373494,0.375,0.8571428571428571,2.7285714285714286,16152.772891566265,112
PRJ-00864,Industrial,Central,238923.71,264225.31,10.59,83,99,18.77,8,11.7,4,6,3.0,0,1,4.65,6.62,48.8,4,0,1,Low,29865.46375,0.0963855421686747,0.75,0.75,2.925,2878.5989156626506,32
PRJ-00892,Renovation,East,574976.63,683306.45,18.84,75,98,30.11,11,2.4,5,4,2.0,3,6,7.94,21.71,62.4,6,1,0,Medium,52270.60272727273,0.1466666666666666,0.3636363636363636,0.4,0.48,7666.355066666667,55
PRJ-01039,Commercial,Central,812642.02,941067.5,15.8,84,102,21.37,16,15.2,5,6,2.0,1,2,1.63,7.67,36.1,5,7,0,Low,50790.12625,0.1904761904761904,0.375,0.4,3.04,9674.309761904762,80
PRJ-00207,Residential,East,357711.8,464952.06,29.98,53,71,34.56,10,12.0,9,6,4.0,1,7,8.27,20.84,64.0,6,1,2,Medium,35771.18,0.1886792452830188,0.6,0.4444444444444444,1.3333333333333333,6749.279245283019,90
PRJ-00393,Industrial,West,496146.35,622507.47,25.47,84,114,36.24,10,13.2,5,6,6.0,2,1,2.99,8.98,51.7,7,2,2,Medium,49614.635,0.119047619047619,0.6,1.2,2.64,5906.504166666667,50
PRJ-00795,Residential,West,401350.34,436837.5,8.84,84,104,23.64,9,9.7,4,9,2.0,1,7,4.49,2.2,44.5,6,1,3,Medium,44594.48222222223,0.1071428571428571,1.0,0.5,2.425,4777.980238095239,36
PRJ-00871,Infrastructure,North,1655448.52,1869326.49,12.92,107,147,37.46,22,8.8,5,6,3.0,2,2,7.83,6.44,39.1,11,4,1,Medium,75247.66,0.205607476635514,0.2727272727272727,0.6,1.7600000000000002,15471.481495327103,110
PRJ-00398,Commercial,East,541375.05,660466.19,22.0,80,109,36.55,11,9.2,7,8,3.0,1,5,4.36,13.61,56.5,3,1,5,Medium,49215.91363636364,0.1375,0.7272727272727273,0.4285714285714285,1.3142857142857145,6767.188125000001,77
PRJ-00767,Residential,West,87515.32,102439.73,17.05,56,70,24.26,6,8.9,6,6,0.0,4,2,9.99,14.39,34.4,3,2,1,Medium,14585.886666666667,0.1071428571428571,1.0,0.0,1.4833333333333334,1562.7735714285716,36
PRJ-01114,Renovation,North,84187.97,96106.32,14.16,70,86,22.71,6,4.4,4,5,3.0,4,6,11.63,18.73,36.9,3,3,1,Medium,14031.328333333331,0.0857142857142857,0.8333333333333334,0.75,1.1,1202.6852857142858,24
PRJ-01029,Infrastructure,West,481674.09,572364.0,18.83,69,90,30.95,11,15.0,10,8,5.0,1,2,8.96,18.42,56.2,13,3,1,Medium,43788.55363636364,0.1594202898550724,0.7272727272727273,0.5,1.5,6980.783913043479,110
PRJ-00643,Residential,South,751504.86,979307.24,30.31,61,84,37.36,11,3.2,5,4,4.0,0,4,4.13,21.38,59.4,2,1,3,Medium,68318.62363636364,0.180327868852459,0.3636363636363636,0.8,0.64,12319.751803278688,55
PRJ-00613,Renovation,North,899880.36,1049794.21,16.66,68,85,25.55,10,13.6,6,9,4.0,4,3,6.06,11.15,72.3,3,4,0,Medium,89988.036,0.1470588235294117,0.9,0.6666666666666666,2.2666666666666666,13233.534705882354,60
PRJ-00961,Industrial,Central,511819.57,677042.0,32.28,54,79,46.34,12,8.8,3,8,2.0,7,10,5.64,18.24,34.9,3,1,2,High,42651.630833333336,0.2222222222222222,0.6666666666666666,0.6666666666666666,2.9333333333333336,9478.140185185186,36
PRJ-00726,Residential,Central,538044.41,628575.55,16.83,55,75,37.24,9,9.3,7,6,4.0,0,6,3.3,20.75,40.5,6,3,2,Medium,59782.712222222224,0.1636363636363636,0.6666666666666666,0.5714285714285714,1.3285714285714287,9782.625636363637,63
PRJ-00684,Commercial,South,471230.13,607427.25,28.9,69,94,35.55,10,1.6,1,4,2.0,0,4,9.99,12.88,80.7,1,2,1,Medium,47123.013,0.144927536231884,0.4,2.0,1.6,6829.422173913044,10
PRJ-00099,Residential,North,237342.54,274640.39,15.71,64,72,12.93,7,9.9,2,4,2.0,2,2,4.24,-2.03,0.0,5,5,0,Low,33906.077142857146,0.109375,0.5714285714285714,1.0,4.95,3708.4771875,14
PRJ-00805,Residential,South,461137.86,598917.49,29.88,76,123,61.31,8,5.9,9,6,6.0,1,5,13.47,16.01,92.4,4,2,4,High,57642.2325,0.1052631578947368,0.75,0.6666666666666666,0.6555555555555556,6067.603421052631,72
PRJ-00407,Commercial,South,782367.13,1017753.69,30.09,81,113,39.29,12,9.5,9,8,6.0,4,4,9.43,11.99,71.2,8,0,3,High,65197.26083333333,0.1481481481481481,0.6666666666666666,0.6666666666666666,1.0555555555555556,9658.853456790124,108
PRJ-00503,Renovation,Central,726382.45,677784.61,-6.69,61,71,16.48,11,22.7,4,4,4.0,0,0,8.0,8.59,26.5,5,4,0,Low,66034.76818181817,0.180327868852459,0.3636363636363636,1.0,5.675,11907.909016393442,44
PRJ-01072,Industrial,West,98921.24,126308.13,27.69,66,94,42.81,6,2.6,8,12,9.0,0,3,5.24,11.04,62.5,1,2,0,Medium,16486.873333333333,0.0909090909090909,2.0,1.125,0.325,1498.8066666666668,48
PRJ-01057,Renovation,West,273644.11,324662.91,18.64,58,72,23.45,7,9.5,1,4,6.0,1,0,4.78,7.9,60.2,2,1,2,Medium,39092.01571428571,0.1206896551724138,0.5714285714285714,6.0,9.5,4718.001896551724,7
PRJ-00930,Infrastructure,Central,91050.63,96559.58,6.05,46,52,12.57,6,14.9,5,6,1.0,0,1,1.13,3.2,29.1,3,1,0,Low,15175.105,0.1304347826086956,1.0,0.2,2.98,1979.3615217391305,30
PRJ-00780,Infrastructure,North,203046.73,249644.4,22.95,46,55,19.24,6,10.9,6,7,2.0,1,4,7.64,9.78,56.9,5,0,1,Medium,33841.121666666666,0.1304347826086956,1.1666666666666667,0.3333333333333333,1.8166666666666669,4414.059347826087,36
PRJ-00201,Infrastructure,Central,149877.43,196937.57,31.4,75,96,28.05,6,12.5,4,5,4.0,3,4,3.54,8.89,27.9,8,2,1,Medium,24979.571666666667,0.08,0.8333333333333334,1.0,3.125,1998.3657333333333,24
PRJ-00135,Industrial,Central,218630.45,250624.34,14.63,58,73,26.02,8,7.1,5,6,2.0,1,3,2.42,7.35,45.9,3,1,2,Medium,27328.80625,0.1379310344827586,0.75,0.4,1.42,3769.49051724138,40
PRJ-01052,Residential,North,568353.94,612296.27,7.73,80,95,18.24,11,11.1,3,4,2.0,0,3,3.65,12.43,16.4,5,1,1,Low,51668.53999999999,0.1375,0.3636363636363636,0.6666666666666666,3.7,7104.424249999999,33
PRJ-00041,Commercial,South,387214.79,410822.27,6.1,67,67,0.62,9,17.7,3,6,2.0,0,2,0.0,-0.59,26.2,3,4,0,Low,43023.86555555555,0.1343283582089552,0.6666666666666666,0.6666666666666666,5.9,5779.325223880597,27
PRJ-01018,Infrastructure,Central,301098.3,349424.04,16.05,53,69,29.83,8,8.6,2,3,8.0,0,2,7.36,2.16,48.0,14,10,1,Medium,37637.2875,0.1509433962264151,0.375,4.0,4.3,5681.099999999999,16
PRJ-00231,Residential,Central,221794.07,307338.93,38.57,77,107,39.31,7,6.8,2,5,8.0,5,5,3.08,14.8,59.1,10,1,1,High,31684.867142857143,0.0909090909090909,0.7142857142857143,4.0,3.4,2880.442467532468,14
PRJ-00379,Commercial,South,322425.62,370165.21,14.81,84,98,16.45,9,8.2,6,11,7.0,1,2,5.31,3.9,36.1,2,3,0,Low,35825.06888888889,0.1071428571428571,1.2222222222222223,1.1666666666666667,1.3666666666666665,3838.400238095238,54
PRJ-00289,Commercial,West,180791.26,201941.06,11.7,69,85,23.62,6,12.0,5,6,2.0,2,3,6.02,3.53,33.1,3,3,0,Medium,30131.876666666667,0.0869565217391304,1.0,0.4,2.4,2620.163188405797,30
PRJ-00419,Residential,North,463484.62,562521.03,21.37,65,79,22.02,8,15.8,6,4,1.0,5,4,4.35,2.81,43.2,4,3,1,Medium,57935.5775,0.123076923076923,0.5,0.1666666666666666,2.6333333333333333,7130.532615384615,48
PRJ-00392,Residential,North,318717.51,393775.66,23.55,73,103,41.77,7,7.0,5,4,4.0,3,5,10.32,18.31,89.9,4,3,1,High,45531.072857142855,0.0958904109589041,0.5714285714285714,0.8,1.4,4365.993287671233,35
PRJ-00593,Commercial,North,868489.97,996069.35,14.69,64,83,30.22,14,8.2,7,8,4.0,2,3,9.21,14.88,67.8,5,2,3,Medium,62034.99785714286,0.21875,0.5714285714285714,0.5714285714285714,1.1714285714285713,13570.15578125,98
PRJ-01087,Infrastructure,South,854807.91,1007718.33,17.89,96,124,28.93,12,4.1,5,4,5.0,3,1,7.6,9.57,44.9,8,1,2,Medium,71233.99250000001,0.125,0.3333333333333333,1.0,0.82,8904.249062500001,60
PRJ-00648,Commercial,West,202937.66,249470.87,22.93,57,72,26.91,7,13.4,7,6,4.0,0,7,6.63,5.07,65.8,2,5,3,Medium,28991.094285714287,0.1228070175438596,0.8571428571428571,0.5714285714285714,1.9142857142857144,3560.309824561404,49
PRJ-00521,Infrastructure,South,2415870.52,2800559.16,15.92,116,162,39.5,20,4.1,3,8,4.0,3,6,13.36,26.87,76.7,7,4,1,Medium,120793.526,0.1724137931034483,0.4,1.3333333333333333,1.3666666666666665,20826.47,60
PRJ-00065,Industrial,East,884088.62,1053459.01,19.16,102,131,28.26,15,15.6,5,8,4.0,1,3,5.79,,43.1,7,0,0,Medium,58939.24133333333,0.1470588235294117,0.5333333333333333,0.8,3.12,8667.535490196078,75
PRJ-00015,Commercial,South,472038.52,599007.38,26.9,77,89,15.87,10,7.0,3,4,3.0,3,7,2.62,5.59,49.3,7,1,0,Medium,47203.852,0.1298701298701298,0.4,1.0,2.333333333333333,6130.37038961039,30
PRJ-01065,Commercial,South,578981.81,732509.34,26.52,60,75,25.38,11,10.2,7,6,5.0,1,4,5.95,18.89,56.0,5,3,1,Medium,52634.71000000001,0.1833333333333333,0.5454545454545454,0.7142857142857143,1.457142857142857,9649.696833333332,77
PRJ-00493,Industrial,South,1263131.96,1326691.15,5.03,73,84,15.03,19,14.6,3,8,4.0,1,4,3.92,9.99,62.3,4,2,1,Low,66480.62947368421,0.2602739726027397,0.4210526315789473,1.3333333333333333,4.866666666666666,17303.177534246573,57
PRJ-00380,Infrastructure,North,553513.0,589766.21,6.55,90,113,25.84,11,9.7,2,7,3.0,1,2,4.71,,52.6,4,4,2,Low,50319.36363636364,0.1222222222222222,0.6363636363636364,1.5,4.85,6150.144444444444,22
PRJ-00188,Residential,South,314359.08,354916.04,12.9,79,90,14.34,9,8.1,4,6,4.0,1,2,6.55,-0.22,38.5,5,0,0,Low,34928.78666666667,0.1139240506329113,0.6666666666666666,1.0,2.025,3979.2288607594937,36
PRJ-00764,Residential,South,364499.33,407889.14,11.9,63,80,26.42,10,,6,7,3.0,1,3,3.19,17.35,50.0,3,2,0,Medium,36449.933000000005,0.1587301587301587,0.7,0.5,,5785.703650793651,60
PRJ-00217,Residential,Central,2036876.4,2281993.29,12.03,113,129,14.35,22,19.0,1,4,4.0,1,3,5.34,13.43,42.1,8,4,1,Low,92585.29090909092,0.1946902654867256,0.1818181818181818,4.0,19.0,18025.45486725664,22
PRJ-00792,Commercial,West,92829.66,96851.12,4.33,60,64,7.49,6,16.0,5,4,2.0,0,2,2.34,9.05,5.8,3,5,0,Low,15471.61,0.1,0.6666666666666666,0.4,3.2,1547.161,30
PRJ-01077,Industrial,East,180570.9,212805.57,17.85,70,93,32.69,7,,5,4,5.0,3,1,4.73,6.09,32.9,5,2,0,Medium,25795.842857142856,0.1,0.5714285714285714,1.0,,2579.5842857142857,35
PRJ-00879,Industrial,Central,1311500.59,1528679.15,16.56,93,108,15.85,19,17.8,6,5,4.0,3,3,5.87,4.28,30.1,7,3,2,Medium,69026.34684210527,0.2043010752688172,0.2631578947368421,0.6666666666666666,2.966666666666667,14102.156881720432,114
PRJ-00338,Infrastructure,North,481727.21,566438.14,17.58,75,98,31.21,9,9.9,6,8,5.0,3,4,2.59,5.47,36.9,6,2,0,Medium,53525.24555555556,0.12,0.8888888888888888,0.8333333333333334,1.65,6423.029466666667,54
PRJ-00720,Renovation,Central,71078.66,84142.23,18.38,47,56,19.33,6,14.8,3,2,3.0,3,0,2.36,-1.09,8.5,5,4,1,Medium,11846.443333333336,0.1276595744680851,0.3333333333333333,1.0,4.933333333333334,1512.311914893617,18
PRJ-00296,Renovation,South,1255512.76,1324797.01,5.52,64,75,17.55,13,16.1,5,8,6.0,0,1,2.87,14.55,36.9,3,1,0,Low,96577.9046153846,0.203125,0.6153846153846154,1.2,3.22,19617.386875,65
PRJ-01017,Industrial,West,381784.77,421913.64,10.51,80,92,15.11,8,21.1,4,7,3.0,0,4,7.71,,42.9,8,2,1,Low,47723.09625,0.1,0.875,0.75,5.275,4772.309625,32
PRJ-00456,Residential,North,1414827.0,1781234.19,25.9,91,122,34.12,24,21.3,6,8,6.0,2,2,5.27,8.75,55.4,5,3,3,Medium,58951.125,0.2637362637362637,0.3333333333333333,1.0,3.5500000000000003,15547.54945054945,144
PRJ-00816,Renovation,South,1666226.04,1971820.25,18.34,111,150,35.15,18,,5,6,1.0,0,3,9.09,6.29,61.3,3,3,0,Medium,92568.11333333334,0.1621621621621621,0.3333333333333333,0.2,,15011.045405405406,90
PRJ-00270,Residential,Central,735744.39,900852.15,22.44,77,92,18.88,11,10.0,9,8,2.0,0,1,2.41,19.08,27.2,4,2,3,Low,66885.85363636364,0.1428571428571428,0.7272727272727273,0.2222222222222222,1.1111111111111112,9555.121948051948,99
PRJ-00996,Commercial,West,103036.17,139440.08,35.33,52,68,30.65,6,11.2,4,8,1.0,5,6,7.92,19.17,77.8,6,2,2,High,17172.695,0.1153846153846153,1.3333333333333333,0.25,2.8,1981.464807692308,24
PRJ-00202,Renovation,South,341898.94,456690.43,33.57,75,101,34.31,8,7.8,8,7,4.0,1,1,15.53,9.24,57.8,9,1,4,Medium,42737.3675,0.1066666666666666,0.875,0.5,0.975,4558.652533333333,64
PRJ-00162,Renovation,South,332515.56,380343.31,14.38,77,93,21.08,8,11.2,4,10,3.0,1,5,8.61,12.99,49.8,2,1,0,Medium,41564.445,0.1038961038961039,1.25,0.75,2.8,4318.383896103896,32
PRJ-00730,Commercial,West,487182.72,600993.75,23.36,70,89,27.33,9,10.6,5,8,1.0,0,2,10.11,9.09,73.0,6,4,1,Medium,54131.41333333333,0.1285714285714285,0.8888888888888888,0.2,2.12,6959.753142857143,45
PRJ-00402,Renovation,East,814016.86,976595.94,19.97,60,74,23.21,15,9.2,2,3,2.0,2,4,8.57,7.05,45.1,5,2,0,Medium,54267.79066666667,0.25,0.2,1.0,4.6,13566.947666666669,30
PRJ-00703,Residential,North,78831.05,96367.64,22.25,53,63,18.15,6,7.1,4,7,3.0,3,3,0.0,3.35,60.7,2,4,3,Medium,13138.508333333331,0.1132075471698113,1.1666666666666667,0.75,1.775,1487.3783018867923,24
PRJ-01130,Renovation,North,701069.52,854814.54,21.93,81,98,21.35,14,15.4,4,4,2.0,1,4,0.96,5.25,40.6,4,3,3,Medium,50076.39428571429,0.1728395061728395,0.2857142857142857,0.5,3.85,8655.17925925926,56
PRJ-00566,Industrial,East,1234563.41,1595466.65,29.23,106,146,37.99,17,10.7,5,12,0.0,1,3,4.05,21.11,71.9,3,3,2,Medium,72621.37705882352,0.160377358490566,0.7058823529411765,0.0,2.14,11646.824622641509,85
PRJ-01022,Infrastructure,West,672627.59,676391.67,0.56,64,64,-0.71,12,20.6,4,10,4.0,1,0,2.81,6.52,32.6,9,3,0,Low,56052.29916666666,0.1875,0.8333333333333334,1.0,5.15,10509.80609375,48
PRJ-01026,Commercial,Central,694520.45,883630.84,27.23,97,124,27.59,12,11.3,8,10,2.0,3,6,0.92,11.44,65.4,4,3,1,Medium,57876.70416666666,0.1237113402061855,0.8333333333333334,0.25,1.4125,7160.004639175258,96
PRJ-01105,Residential,North,781977.69,907198.77,16.01,98,126,28.46,12,8.1,7,10,3.0,2,2,3.12,15.04,47.9,7,3,0,Medium,65164.8075,0.1224489795918367,0.8333333333333334,0.4285714285714285,1.157142857142857,7979.364183673469,84
PRJ-00206,Residential,West,346693.28,380349.73,9.71,66,80,20.95,8,17.9,5,8,5.0,1,2,0.6,-0.44,23.6,7,1,1,Low,43336.66,0.1212121212121212,1.0,1.0,3.58,5252.928484848485,40
PRJ-00035,Commercial,East,439277.2,496700.56,13.07,61,75,23.1,9,25.1,8,7,7.0,3,7,3.37,4.83,37.6,3,3,2,Medium,48808.57777777778,0.1475409836065573,0.7777777777777778,0.875,3.1375,7201.265573770492,72
PRJ-00776,Infrastructure,East,551398.87,660167.34,19.73,52,66,27.3,9,9.4,5,10,0.0,1,2,5.17,8.75,39.9,9,3,0,Medium,61266.54111111111,0.173076923076923,1.1111111111111112,0.0,1.88,10603.824423076923,45
PRJ-00509,Commercial,North,900251.91,1074296.47,19.33,65,76,16.82,12,14.6,2,6,3.0,0,0,4.55,8.67,48.4,4,4,2,Low,75020.99250000001,0.1846153846153846,0.5,1.5,7.3,13850.029384615384,24
PRJ-01199,Commercial,South,176962.68,237040.49,33.95,51,71,38.61,6,7.1,6,6,3.0,3,7,4.68,16.77,57.4,2,4,4,High,29493.78,0.1176470588235294,1.0,0.5,1.1833333333333331,3469.856470588235,36
PRJ-00092,Industrial,South,312983.23,374679.73,19.71,54,67,24.54,9,16.9,3,6,1.0,0,1,8.5,13.12,33.3,5,3,2,Medium,34775.91444444444,0.1666666666666666,0.6666666666666666,0.3333333333333333,5.633333333333333,5795.985740740741,27
PRJ-00898,Residential,Central,434245.04,480339.11,10.61,64,78,22.48,9,,3,6,1.0,1,3,7.07,7.3,43.6,4,3,0,Low,48249.44888888889,0.140625,0.6666666666666666,0.3333333333333333,,6785.07875,27
PRJ-00565,Industrial,West,1372303.2,1838592.52,33.98,81,120,47.73,21,,4,6,4.0,0,5,9.99,6.63,52.3,3,1,4,High,65347.77142857143,0.2592592592592592,0.2857142857142857,1.0,,16942.014814814815,84
PRJ-00777,Industrial,West,504318.52,618183.04,22.58,59,76,29.62,11,1.1,6,6,1.0,1,1,10.18,6.5,34.8,0,2,1,Medium,45847.13818181818,0.1864406779661017,0.5454545454545454,0.1666666666666666,0.1833333333333333,8547.771525423728,66
PRJ-00242,Infrastructure,East,274377.55,324673.76,18.33,54,66,22.94,7,20.4,7,6,1.0,4,2,8.08,14.6,28.6,7,0,0,Medium,39196.79285714286,0.1296296296296296,0.8571428571428571,0.1428571428571428,2.914285714285714,5081.065740740741,49
PRJ-00014,Infrastructure,West,294712.03,326972.66,10.95,54,62,14.55,8,23.3,9,10,3.0,0,2,2.57,-1.88,51.4,7,1,0,Low,36839.00375,0.1481481481481481,1.25,0.3333333333333333,2.588888888888889,5457.630185185186,72
PRJ-00316,Commercial,East,74609.7,77556.51,3.95,56,66,17.95,5,10.4,5,8,0.0,4,3,6.44,-1.42,22.5,12,3,0,Medium,14921.94,0.0892857142857142,1.6,0.0,2.08,1332.3160714285714,25
PRJ-00601,Commercial,West,592194.99,750886.28,26.8,77,101,30.81,10,11.7,5,6,4.0,4,3,8.72,3.78,53.7,3,3,1,Medium,59219.499,0.1298701298701298,0.6,0.8,2.34,7690.8440259740255,50
PRJ-00388,Renovation,North,231530.43,266843.43,15.25,66,82,24.2,8,16.2,4,8,5.0,1,1,8.01,10.12,44.5,5,0,0,Medium,28941.30375,0.1212121212121212,1.0,1.25,4.05,3508.036818181818,32
PRJ-00167,Infrastructure,Central,1222113.13,1589567.74,30.07,64,82,28.85,20,17.6,7,6,3.0,1,3,2.05,13.75,67.4,11,2,5,Medium,61105.6565,0.3125,0.3,0.4285714285714285,2.5142857142857147,19095.51765625,140
PRJ-00841,Residential,South,572748.51,671001.06,17.15,66,81,22.91,11,5.6,5,4,5.0,3,1,7.2,17.95,50.6,3,1,2,Medium,52068.04636363637,0.1666666666666666,0.3636363636363636,1.0,1.12,8678.007727272727,55
PRJ-00021,Infrastructure,South,534774.37,607054.67,13.52,94,120,27.17,9,18.9,4,3,2.0,1,1,6.85,10.39,53.1,8,0,0,Medium,59419.374444444446,0.0957446808510638,0.3333333333333333,0.5,4.725,5689.089042553192,36
PRJ-00647,Residential,West,236144.34,258199.29,9.34,70,86,22.84,7,7.7,8,6,8.0,3,5,10.32,11.22,50.6,7,7,2,Medium,33734.90571428571,0.1,0.8571428571428571,1.0,0.9625,3373.4905714285715,56
PRJ-01155,Industrial,East,2419645.44,2726336.76,12.68,146,189,29.64,36,4.5,1,2,6.0,6,3,0.13,6.36,41.1,1,2,0,Medium,67212.37333333334,0.2465753424657534,0.0555555555555555,6.0,4.5,16572.91397260274,36
PRJ-00832,Industrial,South,584476.33,815699.56,39.56,88,109,23.87,11,9.9,8,9,3.0,3,2,9.58,5.77,90.5,3,4,0,High,53134.211818181815,0.125,0.8181818181818182,0.375,1.2375,6641.776477272727,88
PRJ-00563,Infrastructure,Central,346848.29,366582.56,5.69,68,78,14.77,9,25.8,5,4,3.0,1,6,0.0,4.6,21.3,6,6,0,Low,38538.69888888889,0.1323529411764706,0.4444444444444444,0.6,5.16,5100.710147058823,45
PRJ-01197,Residential,South,50000.0,60023.11,20.05,43,54,26.68,5,4.4,4,6,5.0,3,2,8.73,11.19,52.1,5,0,0,Medium,10000.0,0.1162790697674418,1.2,1.25,1.1,1162.7906976744189,20
PRJ-00687,Commercial,North,860891.07,1152094.53,33.83,93,140,50.7,13,10.4,9,6,4.0,4,2,9.67,9.72,85.7,3,4,1,High,66222.39,0.1397849462365591,0.4615384615384615,0.4444444444444444,1.1555555555555557,9256.89322580645,117
PRJ-00958,Commercial,Central,389546.14,464674.3,19.29,73,89,22.6,7,,5,6,4.0,1,6,10.57,0.1,56.5,3,3,1,Medium,55649.44857142858,0.0958904109589041,0.8571428571428571,0.8,,5336.248493150685,35
PRJ-00190,Residential,South,224819.97,253635.31,12.82,52,60,15.54,7,9.2,5,10,1.0,2,4,6.22,15.29,61.8,5,0,2,Medium,32117.13857142857,0.1346153846153846,1.4285714285714286,0.2,1.84,4323.460961538462,35
PRJ-00976,Industrial,East,2094188.02,2778273.33,32.67,125,182,45.75,22,2.3,4,10,2.0,2,2,10.12,9.3,81.5,3,6,2,High,95190.36454545456,0.176,0.4545454545454545,0.5,0.575,16753.50416,88
PRJ-00700,Commercial,South,1084191.19,1358107.74,25.26,103,142,37.92,16,8.4,5,6,4.0,1,3,7.82,17.39,67.9,3,3,2,Medium,67761.949375,0.1553398058252427,0.375,0.8,1.6800000000000002,10526.128058252429,80
PRJ-00511,Residential,North,364817.52,368602.06,1.04,81,96,18.57,9,24.5,3,8,4.0,0,2,0.0,16.82,33.4,2,0,0,Low,40535.28,0.1111111111111111,0.8888888888888888,1.3333333333333333,8.166666666666666,4503.92,27
PRJ-01083,Renovation,West,473477.46,545615.79,15.24,81,99,22.11,9,8.0,2,7,,2,3,9.09,1.36,39.4,7,2,1,Medium,52608.60666666667,0.1111111111111111,0.7777777777777778,,4.0,5845.400740740741,18
PRJ-00475,Residential,South,167744.09,161169.37,-3.92,78,73,-7.0,7,22.5,3,8,2.0,0,1,0.0,7.7,10.8,7,0,0,Low,23963.441428571427,0.0897435897435897,1.1428571428571428,0.6666666666666666,7.5,2150.565256410257,21
PRJ-00857,Infrastructure,North,310828.5,396253.07,27.48,84,118,41.04,8,4.1,9,8,7.0,2,3,9.66,14.91,77.1,5,3,1,Medium,38853.5625,0.0952380952380952,1.0,0.7777777777777778,0.4555555555555555,3700.339285714286,72
PRJ-00748,Commercial,Central,1323714.91,1472228.28,11.22,102,109,6.55,16,15.9,3,4,3.0,0,0,4.36,14.53,66.1,4,2,1,Low,82732.181875,0.1568627450980392,0.25,1.0,5.3,12977.597156862745,48
PRJ-00253,Commercial,Central,776931.93,925554.01,19.13,80,102,27.06,11,8.5,2,5,1.0,2,2,9.37,14.19,51.8,4,4,2,Medium,70630.17545454546,0.1375,0.4545454545454545,0.5,4.25,9711.649125,22
PRJ-00022,Commercial,West,161250.13,169291.08,4.99,62,72,15.56,7,12.2,4,2,1.0,2,4,6.04,6.21,14.4,4,6,0,Low,23035.73285714286,0.1129032258064516,0.2857142857142857,0.25,3.05,2600.808548387097,28
PRJ-00460,Industrial,East,446926.72,485106.3,8.54,79,91,15.45,11,16.0,4,6,1.0,1,0,3.38,14.11,13.6,6,4,2,Low,40629.70181818181,0.1392405063291139,0.5454545454545454,0.25,4.0,5657.300253164557,44
PRJ-01185,Residential,West,1381449.61,1480207.55,7.15,77,76,-0.83,22,17.0,2,6,4.0,0,0,2.24,3.71,9.1,3,4,0,Low,62793.16409090909,0.2857142857142857,0.2727272727272727,2.0,8.5,17940.90402597403,44
PRJ-00277,Commercial,Central,309519.86,352775.82,13.98,60,75,25.27,8,14.6,8,6,5.0,2,4,10.23,12.0,59.7,12,0,0,Medium,38689.9825,0.1333333333333333,0.75,0.625,1.825,5158.664333333333,64
PRJ-00956,Renovation,East,413622.07,485940.89,17.48,53,62,17.73,10,11.4,4,7,4.0,0,4,0.0,13.35,32.1,5,3,0,Low,41362.207,0.1886792452830188,0.7,1.0,2.85,7804.19,40
PRJ-00386,Renovation,North,5043377.71,6300227.3,24.92,198,242,22.11,70,5.6,6,6,3.0,2,2,3.98,11.75,82.6,4,1,0,Medium,72048.253,0.3535353535353535,0.0857142857142857,0.5,0.9333333333333332,25471.6045959596,420
PRJ-00806,Residential,West,1462036.61,1832851.57,25.36,94,143,51.79,14,7.3,8,6,3.0,4,2,5.35,19.2,116.5,8,2,1,High,104431.18642857144,0.1489361702127659,0.4285714285714285,0.375,0.9125,15553.58095744681,112
PRJ-00344,Industrial,Central,557374.62,737212.95,32.27,57,77,34.71,11,2.0,5,6,1.0,6,4,3.16,6.94,71.1,2,2,2,High,50670.42,0.1929824561403508,0.5454545454545454,0.2,0.4,9778.502105263158,55
PRJ-00770,Industrial,West,415396.36,443460.88,6.76,73,81,10.88,9,13.5,2,2,3.0,0,0,1.18,13.5,1.1,2,4,1,Low,46155.15111111111,0.1232876712328767,0.2222222222222222,1.5,6.75,5690.361095890411,18
PRJ-00131,Residential,Central,529491.04,685371.18,29.44,65,91,39.37,11,12.5,8,8,,3,4,10.41,17.06,76.8,5,3,0,High,48135.549090909095,0.1692307692307692,0.7272727272727273,,1.5625,8146.016,88
PRJ-00872,Residential,East,212115.48,259437.01,22.31,58,76,31.66,7,5.4,3,6,2.0,3,5,5.35,7.06,54.9,6,1,3,Medium,30302.21142857143,0.1206896551724138,0.8571428571428571,0.6666666666666666,1.8,3657.1634482758623,21
PRJ-01124,Residential,North,582463.72,743153.65,27.59,71,93,31.32,12,9.9,5,8,3.0,3,6,9.7,23.64,36.5,7,2,0,Medium,48538.64333333333,0.1690140845070422,0.6666666666666666,0.6,1.98,8203.714366197182,60
PRJ-00088,Commercial,North,136043.9,168887.73,24.14,71,91,27.49,6,9.4,6,4,3.0,2,5,3.05,6.31,34.7,6,0,0,Medium,22673.983333333334,0.0845070422535211,0.6666666666666666,0.5,1.5666666666666669,1916.1112676056337,36
PRJ-00331,Infrastructure,Central,290343.89,335379.29,15.51,61,74,21.67,8,4.6,4,8,0.0,0,4,5.18,7.94,111.9,10,2,1,Medium,36292.98625,0.1311475409836065,1.0,0.0,1.15,4759.735901639345,32
PRJ-00467,Industrial,South,216503.24,249242.76,15.12,46,64,38.68,7,7.6,5,8,2.0,2,5,6.53,13.42,30.3,3,5,1,Medium,30929.03428571429,0.1521739130434782,1.1428571428571428,0.4,1.52,4706.592173913044,35
PRJ-00122,Industrial,North,1595656.88,2053480.22,28.69,112,140,24.78,24,14.6,4,8,3.0,7,10,7.22,14.96,71.3,5,2,0,High,66485.70333333332,0.2142857142857142,0.3333333333333333,0.75,3.65,14246.936428571427,96
PRJ-01045,Residential,Central,1058987.73,1360279.4,28.45,69,98,42.59,16,7.0,8,11,2.0,5,6,11.72,19.9,62.8,2,6,2,High,66186.733125,0.2318840579710145,0.6875,0.25,0.875,15347.648260869564,128
PRJ-01096,Commercial,East,1516055.5,1612133.18,6.34,122,128,5.2,15,11.7,2,5,3.0,2,2,7.81,12.84,9.0,0,3,1,Low,101070.36666666668,0.1229508196721311,0.3333333333333333,1.5,5.85,12426.684426229507,30
PRJ-01131,Renovation,South,502570.41,598662.14,19.12,51,68,33.27,12,15.3,5,6,0.0,1,4,3.31,5.23,54.1,0,4,1,Medium,41880.8675,0.2352941176470588,0.5,0.0,3.06,9854.321764705885,60
PRJ-00861,Infrastructure,East,1022069.52,1398758.37,36.86,61,76,24.9,15,11.9,7,14,5.0,5,3,9.42,3.13,47.4,8,5,2,High,68137.96800000001,0.2459016393442623,0.9333333333333332,0.7142857142857143,1.7,16755.238032786885,105
PRJ-01127,Commercial,North,1235185.24,1330699.23,7.73,92,92,0.09,20,22.9,2,6,1.0,1,1,0.84,,11.4,4,2,1,Low,61759.262,0.217391304347826,0.3,0.5,11.45,13425.926521739131,40
